role,permission,route,action,endpoint,method,resource,dataScope,allowed,conditions,featureCapability,auditEvent,positiveTest,negativeTest,crossTenantTest,sourceFile,sourceLine,appMountFile,appMountLine,authSignal,roleSignal,tenantSignal,authMechanism,permissionMechanism,tenantMechanism,publicEndpoint,publicJustification
,,/upload,POST /upload,/upload,POST,2evidences.routes,route_or_handler_tenant_signal,,,,,,,,backend/src/routes/_legacy/2evidences.routes.js,41,,,true,false,true,route_or_handler_auth_signal,,route_or_handler_tenant_signal,false,
,,/validate/:id,PUT /validate/:id,/validate/:id,PUT,2evidences.routes,route_or_handler_tenant_signal,,,,audit-signal,,,,backend/src/routes/_legacy/2evidences.routes.js,70,,,true,false,true,route_or_handler_auth_signal,,route_or_handler_tenant_signal,false,
,,/approve/:id,PUT /approve/:id,/approve/:id,PUT,2evidences.routes,route_or_handler_tenant_signal,,,,audit-signal,,,,backend/src/routes/_legacy/2evidences.routes.js,94,,,true,false,true,route_or_handler_auth_signal,,route_or_handler_tenant_signal,false,
,,/:tenant_id,GET /:tenant_id,/:tenant_id,GET,2evidences.routes,route_or_handler_tenant_signal,,,,audit-signal,,,,backend/src/routes/_legacy/2evidences.routes.js,119,,,true,false,true,route_or_handler_auth_signal,,route_or_handler_tenant_signal,false,
,global_enforce_api_access,/api/action-plans/:id/updates,GET /api/action-plans/:id/updates,/api/action-plans/:id/updates,GET,action-plans.routes,global_enforce_tenant_request_scope,,,,,,,,backend/src/routes/action-plans.routes.js,497,backend/src/app.js,414,true,true,true,global_api_auth_middleware,global_enforce_api_access,global_enforce_tenant_request_scope,false,
,global_enforce_api_access,/api/action-plans/:id/updates,POST /api/action-plans/:id/updates,/api/action-plans/:id/updates,POST,action-plans.routes,global_enforce_tenant_request_scope,,,,,,,,backend/src/routes/action-plans.routes.js,546,backend/src/app.js,414,true,true,true,global_api_auth_middleware,global_enforce_api_access,global_enforce_tenant_request_scope,false,
,global_enforce_api_access,/api/action-plans/:id/request-approval,POST /api/action-plans/:id/request-approval,/api/action-plans/:id/request-approval,POST,action-plans.routes,global_enforce_tenant_request_scope,,,,,,,,backend/src/routes/action-plans.routes.js,711,backend/src/app.js,414,true,true,true,global_api_auth_middleware,global_enforce_api_access,global_enforce_tenant_request_scope,false,
,global_enforce_api_access,/api/action-plans/:id/review-approval,POST /api/action-plans/:id/review-approval,/api/action-plans/:id/review-approval,POST,action-plans.routes,global_enforce_tenant_request_scope,,,,,,,,backend/src/routes/action-plans.routes.js,831,backend/src/app.js,414,true,true,true,global_api_auth_middleware,global_enforce_api_access,global_enforce_tenant_request_scope,false,
,global_enforce_api_access,/api/action-plans/:id/ai-review,POST /api/action-plans/:id/ai-review,/api/action-plans/:id/ai-review,POST,action-plans.routes,global_enforce_tenant_request_scope,,,,,,,,backend/src/routes/action-plans.routes.js,985,backend/src/app.js,414,true,true,true,global_api_auth_middleware,global_enforce_api_access,global_enforce_tenant_request_scope,false,
,global_enforce_api_access,/api/action-plans/:tenant_id,GET /api/action-plans/:tenant_id,/api/action-plans/:tenant_id,GET,action-plans.routes,global_enforce_tenant_request_scope,,,,,,,,backend/src/routes/action-plans.routes.js,1053,backend/src/app.js,414,true,true,true,global_api_auth_middleware,global_enforce_api_access,global_enforce_tenant_request_scope,false,
,global_enforce_api_access,/api/action-plans,POST /api/action-plans,/api/action-plans,POST,action-plans.routes,global_enforce_tenant_request_scope,,,,audit-signal,,,,backend/src/routes/action-plans.routes.js,1136,backend/src/app.js,414,true,true,true,global_api_auth_middleware,global_enforce_api_access,global_enforce_tenant_request_scope,false,
,global_enforce_api_access,/api/action-plans/:id,PUT /api/action-plans/:id,/api/action-plans/:id,PUT,action-plans.routes,global_enforce_tenant_request_scope,,,,,,,,backend/src/routes/action-plans.routes.js,1430,backend/src/app.js,414,true,true,true,global_api_auth_middleware,global_enforce_api_access,global_enforce_tenant_request_scope,false,
,global_enforce_api_access,/api/action-plans/:id,DELETE /api/action-plans/:id,/api/action-plans/:id,DELETE,action-plans.routes,global_enforce_tenant_request_scope,,,,,,,,backend/src/routes/action-plans.routes.js,1622,backend/src/app.js,414,true,true,true,global_api_auth_middleware,global_enforce_api_access,global_enforce_tenant_request_scope,false,
,global_enforce_api_access,/api/admin-saas/overview,GET /api/admin-saas/overview,/api/admin-saas/overview,GET,admin-saas.routes,global_enforce_tenant_request_scope,,,,,,,,backend/src/routes/admin-saas.routes.js,547,backend/src/app.js,428,true,true,true,global_api_auth_middleware,global_enforce_api_access,global_enforce_tenant_request_scope,false,
,global_enforce_api_access,/api/admin-saas/dealer/tenants,GET /api/admin-saas/dealer/tenants,/api/admin-saas/dealer/tenants,GET,admin-saas.routes,global_enforce_tenant_request_scope,,,,,,,,backend/src/routes/admin-saas.routes.js,636,backend/src/app.js,428,true,true,true,global_api_auth_middleware,global_enforce_api_access,global_enforce_tenant_request_scope,false,
,global_enforce_api_access,/api/admin-saas/tenants,GET /api/admin-saas/tenants,/api/admin-saas/tenants,GET,admin-saas.routes,global_enforce_tenant_request_scope,,,,,,,,backend/src/routes/admin-saas.routes.js,700,backend/src/app.js,428,true,true,true,global_api_auth_middleware,global_enforce_api_access,global_enforce_tenant_request_scope,false,
,global_enforce_api_access,/api/admin-saas/tenants,POST /api/admin-saas/tenants,/api/admin-saas/tenants,POST,admin-saas.routes,global_enforce_tenant_request_scope,,,,,,,,backend/src/routes/admin-saas.routes.js,856,backend/src/app.js,428,true,true,true,global_api_auth_middleware,global_enforce_api_access,global_enforce_tenant_request_scope,false,
,global_enforce_api_access,/api/admin-saas/tenants/:tenant_id/logo,PUT /api/admin-saas/tenants/:tenant_id/logo,/api/admin-saas/tenants/:tenant_id/logo,PUT,admin-saas.routes,global_enforce_tenant_request_scope,,,,,,,,backend/src/routes/admin-saas.routes.js,1031,backend/src/app.js,428,true,true,true,global_api_auth_middleware,global_enforce_api_access,global_enforce_tenant_request_scope,false,
,global_enforce_api_access,/api/admin-saas/tenants/:tenant_id,PUT /api/admin-saas/tenants/:tenant_id,/api/admin-saas/tenants/:tenant_id,PUT,admin-saas.routes,global_enforce_tenant_request_scope,,,,audit-signal,,,,backend/src/routes/admin-saas.routes.js,1132,backend/src/app.js,428,true,true,true,global_api_auth_middleware,global_enforce_api_access,global_enforce_tenant_request_scope,false,
,global_enforce_api_access,/api/admin-saas/tenants/:tenant_id/ai-settings,PUT /api/admin-saas/tenants/:tenant_id/ai-settings,/api/admin-saas/tenants/:tenant_id/ai-settings,PUT,admin-saas.routes,global_enforce_tenant_request_scope,,,,audit-signal,,,,backend/src/routes/admin-saas.routes.js,1276,backend/src/app.js,428,true,true,true,global_api_auth_middleware,global_enforce_api_access,global_enforce_tenant_request_scope,false,
,global_enforce_api_access,/api/admin-saas/tenants/:tenant_id,GET /api/admin-saas/tenants/:tenant_id,/api/admin-saas/tenants/:tenant_id,GET,admin-saas.routes,global_enforce_tenant_request_scope,,,,audit-signal,,,,backend/src/routes/admin-saas.routes.js,1349,backend/src/app.js,428,true,true,true,global_api_auth_middleware,global_enforce_api_access,global_enforce_tenant_request_scope,false,
,global_enforce_api_access,/api/admin-saas/dealers,GET /api/admin-saas/dealers,/api/admin-saas/dealers,GET,admin-saas.routes,global_enforce_tenant_request_scope,,,,,,,,backend/src/routes/admin-saas.routes.js,1397,backend/src/app.js,428,true,true,true,global_api_auth_middleware,global_enforce_api_access,global_enforce_tenant_request_scope,false,
,global_enforce_api_access,/api/admin-saas/audit-log,GET /api/admin-saas/audit-log,/api/admin-saas/audit-log,GET,admin-saas.routes,global_enforce_tenant_request_scope,,,,audit-signal,,,,backend/src/routes/admin-saas.routes.js,1442,backend/src/app.js,428,true,true,true,global_api_auth_middleware,global_enforce_api_access,global_enforce_tenant_request_scope,false,
,global_enforce_api_access,/api/admin-saas/dealer/requests,GET /api/admin-saas/dealer/requests,/api/admin-saas/dealer/requests,GET,admin-saas.routes,global_enforce_tenant_request_scope,,,,audit-signal,,,,backend/src/routes/admin-saas.routes.js,1500,backend/src/app.js,428,true,true,true,global_api_auth_middleware,global_enforce_api_access,global_enforce_tenant_request_scope,false,
,global_enforce_api_access,/api/admin-saas/modules,GET /api/admin-saas/modules,/api/admin-saas/modules,GET,admin-saas.routes,global_enforce_tenant_request_scope,,,,,,,,backend/src/routes/admin-saas.routes.js,1558,backend/src/app.js,428,true,true,true,global_api_auth_middleware,global_enforce_api_access,global_enforce_tenant_request_scope,false,
,global_enforce_api_access,/api/admin-saas/tenants/:tenant_id/modules/:module_key,PUT /api/admin-saas/tenants/:tenant_id/modules/:module_key,/api/admin-saas/tenants/:tenant_id/modules/:module_key,PUT,admin-saas.routes,global_enforce_tenant_request_scope,,,,,,,,backend/src/routes/admin-saas.routes.js,1598,backend/src/app.js,428,true,true,true,global_api_auth_middleware,global_enforce_api_access,global_enforce_tenant_request_scope,false,
,global_enforce_api_access,/api/admin-saas/tenants/:tenant_id/standards/:standard_code,PUT /api/admin-saas/tenants/:tenant_id/standards/:standard_code,/api/admin-saas/tenants/:tenant_id/standards/:standard_code,PUT,admin-saas.routes,global_enforce_tenant_request_scope,,,,audit-signal,,,,backend/src/routes/admin-saas.routes.js,1803,backend/src/app.js,428,true,true,true,global_api_auth_middleware,global_enforce_api_access,global_enforce_tenant_request_scope,false,
,global_enforce_api_access,/api/admin-saas/tenants/:tenant_id/standards/:standard_code/initialize-controls,POST /api/admin-saas/tenants/:tenant_id/standards/:standard_code/initialize-controls,/api/admin-saas/tenants/:tenant_id/standards/:standard_code/initialize-controls,POST,admin-saas.routes,global_enforce_tenant_request_scope,,,,,,,,backend/src/routes/admin-saas.routes.js,1950,backend/src/app.js,428,true,true,true,global_api_auth_middleware,global_enforce_api_access,global_enforce_tenant_request_scope,false,
,global_enforce_api_access,/api/admin-saas/tenants/:tenant_id/standards/:standard_code/initialize-controls,POST /api/admin-saas/tenants/:tenant_id/standards/:standard_code/initialize-controls,/api/admin-saas/tenants/:tenant_id/standards/:standard_code/initialize-controls,POST,admin-saas.routes,global_enforce_tenant_request_scope,,,,,,,,backend/src/routes/admin-saas.routes.js,2328,backend/src/app.js,428,true,true,true,global_api_auth_middleware,global_enforce_api_access,global_enforce_tenant_request_scope,false,
,global_enforce_api_access,/api/admin-saas/tenants/:tenant_id/refresh-health,POST /api/admin-saas/tenants/:tenant_id/refresh-health,/api/admin-saas/tenants/:tenant_id/refresh-health,POST,admin-saas.routes,global_enforce_tenant_request_scope,,,,audit-signal,,,,backend/src/routes/admin-saas.routes.js,2550,backend/src/app.js,428,true,true,true,global_api_auth_middleware,global_enforce_api_access,global_enforce_tenant_request_scope,false,
,global_enforce_api_access,/api/admin-saas/external-lookup/quotas,GET /api/admin-saas/external-lookup/quotas,/api/admin-saas/external-lookup/quotas,GET,admin-saas.routes,global_enforce_tenant_request_scope,,,,audit-signal,,,,backend/src/routes/admin-saas.routes.js,2606,backend/src/app.js,428,true,true,true,global_api_auth_middleware,global_enforce_api_access,global_enforce_tenant_request_scope,false,
,global_enforce_api_access,/api/admin-saas/tenants/:tenant_id/external-lookup/quota,PUT /api/admin-saas/tenants/:tenant_id/external-lookup/quota,/api/admin-saas/tenants/:tenant_id/external-lookup/quota,PUT,admin-saas.routes,global_enforce_tenant_request_scope,,,,,,,,backend/src/routes/admin-saas.routes.js,2671,backend/src/app.js,428,true,true,true,global_api_auth_middleware,global_enforce_api_access,global_enforce_tenant_request_scope,false,
,global_enforce_api_access,/api/admin-saas/tenants/:tenant_id/external-lookup/logs,GET /api/admin-saas/tenants/:tenant_id/external-lookup/logs,/api/admin-saas/tenants/:tenant_id/external-lookup/logs,GET,admin-saas.routes,global_enforce_tenant_request_scope,,,,audit-signal,,,,backend/src/routes/admin-saas.routes.js,2829,backend/src/app.js,428,true,true,true,global_api_auth_middleware,global_enforce_api_access,global_enforce_tenant_request_scope,false,
,global_enforce_api_access,/api/admin-saas/tenants/:tenant_id/external-lookup/quota-audit,GET /api/admin-saas/tenants/:tenant_id/external-lookup/quota-audit,/api/admin-saas/tenants/:tenant_id/external-lookup/quota-audit,GET,admin-saas.routes,global_enforce_tenant_request_scope,,,,audit-signal,,,,backend/src/routes/admin-saas.routes.js,2890,backend/src/app.js,428,true,true,true,global_api_auth_middleware,global_enforce_api_access,global_enforce_tenant_request_scope,false,
,global_enforce_api_access,/api/admin-saas/prebilling/prices,GET /api/admin-saas/prebilling/prices,/api/admin-saas/prebilling/prices,GET,admin-saas.routes,global_enforce_tenant_request_scope,,,,,,,,backend/src/routes/admin-saas.routes.js,3389,backend/src/app.js,428,true,true,true,global_api_auth_middleware,global_enforce_api_access,global_enforce_tenant_request_scope,false,
,global_enforce_api_access,/api/admin-saas/tenants/:tenant_id/prebilling/current,GET /api/admin-saas/tenants/:tenant_id/prebilling/current,/api/admin-saas/tenants/:tenant_id/prebilling/current,GET,admin-saas.routes,global_enforce_tenant_request_scope,,,,,,,,backend/src/routes/admin-saas.routes.js,3420,backend/src/app.js,428,true,true,true,global_api_auth_middleware,global_enforce_api_access,global_enforce_tenant_request_scope,false,
,global_enforce_api_access,/api/admin-saas/tenants/:tenant_id/prebilling/recalculate,POST /api/admin-saas/tenants/:tenant_id/prebilling/recalculate,/api/admin-saas/tenants/:tenant_id/prebilling/recalculate,POST,admin-saas.routes,global_enforce_tenant_request_scope,,,,,,,,backend/src/routes/admin-saas.routes.js,3498,backend/src/app.js,428,true,true,true,global_api_auth_middleware,global_enforce_api_access,global_enforce_tenant_request_scope,false,
,global_enforce_api_access,/api/admin-saas/prebilling/:prebilling_id/status,PUT /api/admin-saas/prebilling/:prebilling_id/status,/api/admin-saas/prebilling/:prebilling_id/status,PUT,admin-saas.routes,global_enforce_tenant_request_scope,,,,,,,,backend/src/routes/admin-saas.routes.js,3546,backend/src/app.js,428,true,true,true,global_api_auth_middleware,global_enforce_api_access,global_enforce_tenant_request_scope,false,
,global_enforce_api_access,/api/admin-saas/tenants/:tenant_id/standards/catalog,GET /api/admin-saas/tenants/:tenant_id/standards/catalog,/api/admin-saas/tenants/:tenant_id/standards/catalog,GET,admin-saas.routes,global_enforce_tenant_request_scope,,,,,,,,backend/src/routes/admin-saas.routes.js,3611,backend/src/app.js,428,true,true,true,global_api_auth_middleware,global_enforce_api_access,global_enforce_tenant_request_scope,false,
,global_enforce_api_access,/api/admin-saas/tenants/:tenant_id/standards/:standard_code/contract,PUT /api/admin-saas/tenants/:tenant_id/standards/:standard_code/contract,/api/admin-saas/tenants/:tenant_id/standards/:standard_code/contract,PUT,admin-saas.routes,global_enforce_tenant_request_scope,,,,,,,,backend/src/routes/admin-saas.routes.js,3723,backend/src/app.js,428,true,true,true,global_api_auth_middleware,global_enforce_api_access,global_enforce_tenant_request_scope,false,
,global_enforce_api_access,/api/admin-saas/tenants/:tenant_id/standards/:standard_code/contract,PUT /api/admin-saas/tenants/:tenant_id/standards/:standard_code/contract,/api/admin-saas/tenants/:tenant_id/standards/:standard_code/contract,PUT,admin-saas.routes,global_enforce_tenant_request_scope,,,,,,,,backend/src/routes/admin-saas.routes.js,3965,backend/src/app.js,428,true,true,true,global_api_auth_middleware,global_enforce_api_access,global_enforce_tenant_request_scope,false,
,global_enforce_api_access,/api/admin-saas/tenants/:tenant_id/contract,GET /api/admin-saas/tenants/:tenant_id/contract,/api/admin-saas/tenants/:tenant_id/contract,GET,admin-saas.routes,global_enforce_tenant_request_scope,,,,audit-signal,,,,backend/src/routes/admin-saas.routes.js,4155,backend/src/app.js,428,true,true,true,global_api_auth_middleware,global_enforce_api_access,global_enforce_tenant_request_scope,false,
,global_enforce_api_access,/api/admin-saas/tenants/:tenant_id/contract,PUT /api/admin-saas/tenants/:tenant_id/contract,/api/admin-saas/tenants/:tenant_id/contract,PUT,admin-saas.routes,global_enforce_tenant_request_scope,,,,,,,,backend/src/routes/admin-saas.routes.js,4220,backend/src/app.js,428,true,true,true,global_api_auth_middleware,global_enforce_api_access,global_enforce_tenant_request_scope,false,
,global_enforce_api_access,/api/admin-saas/prebilling/prices/:price_id,PUT /api/admin-saas/prebilling/prices/:price_id,/api/admin-saas/prebilling/prices/:price_id,PUT,admin-saas.routes,global_enforce_tenant_request_scope,,,,audit-signal,,,,backend/src/routes/admin-saas.routes.js,4509,backend/src/app.js,428,true,true,true,global_api_auth_middleware,global_enforce_api_access,global_enforce_tenant_request_scope,false,
,global_enforce_api_access,/api/admin-saas/dealer/my-tenants,GET /api/admin-saas/dealer/my-tenants,/api/admin-saas/dealer/my-tenants,GET,admin-saas.routes,global_enforce_tenant_request_scope,,,,,,,,backend/src/routes/admin-saas.routes.js,4658,backend/src/app.js,428,true,true,true,global_api_auth_middleware,global_enforce_api_access,global_enforce_tenant_request_scope,false,
,global_enforce_api_access,/api/admin-saas/dealer/requests,GET /api/admin-saas/dealer/requests,/api/admin-saas/dealer/requests,GET,admin-saas.routes,global_enforce_tenant_request_scope,,,,,,,,backend/src/routes/admin-saas.routes.js,4716,backend/src/app.js,428,true,true,true,global_api_auth_middleware,global_enforce_api_access,global_enforce_tenant_request_scope,false,
,global_enforce_api_access,/api/admin-saas/tenants/:tenant_id/modules/catalog,GET /api/admin-saas/tenants/:tenant_id/modules/catalog,/api/admin-saas/tenants/:tenant_id/modules/catalog,GET,admin-saas.routes,global_enforce_tenant_request_scope,,,,,,,,backend/src/routes/admin-saas.routes.js,4790,backend/src/app.js,428,true,true,true,global_api_auth_middleware,global_enforce_api_access,global_enforce_tenant_request_scope,false,
,global_enforce_api_access,/api/admin-saas/tenants/:tenant_id/modules/:module_key/contract-toggle,PUT /api/admin-saas/tenants/:tenant_id/modules/:module_key/contract-toggle,/api/admin-saas/tenants/:tenant_id/modules/:module_key/contract-toggle,PUT,admin-saas.routes,global_enforce_tenant_request_scope,,,,,,,,backend/src/routes/admin-saas.routes.js,4879,backend/src/app.js,428,true,true,true,global_api_auth_middleware,global_enforce_api_access,global_enforce_tenant_request_scope,false,
,global_enforce_api_access,/api/admin-saas/tenants/:tenant_id/suspend-service,POST /api/admin-saas/tenants/:tenant_id/suspend-service,/api/admin-saas/tenants/:tenant_id/suspend-service,POST,admin-saas.routes,global_enforce_tenant_request_scope,,,,,,,,backend/src/routes/admin-saas.routes.js,5098,backend/src/app.js,428,true,true,true,global_api_auth_middleware,global_enforce_api_access,global_enforce_tenant_request_scope,false,
,global_enforce_api_access,/api/admin-saas/tenants/:tenant_id/reactivate-service,POST /api/admin-saas/tenants/:tenant_id/reactivate-service,/api/admin-saas/tenants/:tenant_id/reactivate-service,POST,admin-saas.routes,global_enforce_tenant_request_scope,,,,,,,,backend/src/routes/admin-saas.routes.js,5216,backend/src/app.js,428,true,true,true,global_api_auth_middleware,global_enforce_api_access,global_enforce_tenant_request_scope,false,
,global_enforce_api_access,/api/admin-saas/tenants/:tenant_id,DELETE /api/admin-saas/tenants/:tenant_id,/api/admin-saas/tenants/:tenant_id,DELETE,admin-saas.routes,global_enforce_tenant_request_scope,,,,,,,,backend/src/routes/admin-saas.routes.js,5337,backend/src/app.js,428,true,true,true,global_api_auth_middleware,global_enforce_api_access,global_enforce_tenant_request_scope,false,
,global_enforce_api_access,/api/ai-compliance/answer,POST /api/ai-compliance/answer,/api/ai-compliance/answer,POST,ai-answer.routes,global_enforce_tenant_request_scope,,,,,,,,backend/src/routes/ai-answer.routes.js,1548,backend/src/app.js,430,true,true,true,global_api_auth_middleware,global_enforce_api_access,global_enforce_tenant_request_scope,false,
,global_enforce_api_access,/api/ai-auditor/history,GET /api/ai-auditor/history,/api/ai-auditor/history,GET,ai-auditor.routes,global_enforce_tenant_request_scope,,,,audit-signal,,,,backend/src/routes/ai-auditor.routes.js,1951,backend/src/app.js,390,true,true,true,global_api_auth_middleware,global_enforce_api_access,global_enforce_tenant_request_scope,false,
,global_enforce_api_access,/api/ai-auditor/report,POST /api/ai-auditor/report,/api/ai-auditor/report,POST,ai-auditor.routes,global_enforce_tenant_request_scope,,,,audit-signal,,,,backend/src/routes/ai-auditor.routes.js,2345,backend/src/app.js,390,true,true,true,global_api_auth_middleware,global_enforce_api_access,global_enforce_tenant_request_scope,false,
,global_enforce_api_access,/api/ai-auditor/history/:id/review,PATCH /api/ai-auditor/history/:id/review,/api/ai-auditor/history/:id/review,PATCH,ai-auditor.routes,global_enforce_tenant_request_scope,,,,audit-signal,,,,backend/src/routes/ai-auditor.routes.js,2375,backend/src/app.js,390,true,true,true,global_api_auth_middleware,global_enforce_api_access,global_enforce_tenant_request_scope,false,
,global_enforce_api_access,/api/ai-auditor/history/:id/report,GET /api/ai-auditor/history/:id/report,/api/ai-auditor/history/:id/report,GET,ai-auditor.routes,global_enforce_tenant_request_scope,,,,audit-signal,,,,backend/src/routes/ai-auditor.routes.js,2490,backend/src/app.js,390,true,true,true,global_api_auth_middleware,global_enforce_api_access,global_enforce_tenant_request_scope,false,
,global_enforce_api_access,/api/ai-auditor/history/:id,GET /api/ai-auditor/history/:id,/api/ai-auditor/history/:id,GET,ai-auditor.routes,global_enforce_tenant_request_scope,,,,audit-signal,,,,backend/src/routes/ai-auditor.routes.js,2580,backend/src/app.js,390,true,true,true,global_api_auth_middleware,global_enforce_api_access,global_enforce_tenant_request_scope,false,
,global_enforce_api_access,/api/ai-auditor/scope,GET /api/ai-auditor/scope,/api/ai-auditor/scope,GET,ai-auditor.routes,global_enforce_tenant_request_scope,,,,audit-signal,,,,backend/src/routes/ai-auditor.routes.js,2583,backend/src/app.js,390,true,true,true,global_api_auth_middleware,global_enforce_api_access,global_enforce_tenant_request_scope,false,
,global_enforce_api_access,/api/ai-auditor/analyze/start,POST /api/ai-auditor/analyze/start,/api/ai-auditor/analyze/start,POST,ai-auditor.routes,global_enforce_tenant_request_scope,,,,audit-signal,,,,backend/src/routes/ai-auditor.routes.js,2940,backend/src/app.js,390,true,true,true,global_api_auth_middleware,global_enforce_api_access,global_enforce_tenant_request_scope,false,
,global_enforce_api_access,/api/ai-auditor/analyze/jobs/:job_id,GET /api/ai-auditor/analyze/jobs/:job_id,/api/ai-auditor/analyze/jobs/:job_id,GET,ai-auditor.routes,global_enforce_tenant_request_scope,,,,audit-signal,,,,backend/src/routes/ai-auditor.routes.js,2973,backend/src/app.js,390,true,true,true,global_api_auth_middleware,global_enforce_api_access,global_enforce_tenant_request_scope,false,
,global_enforce_api_access,/api/ai-auditor/analyze/jobs/:job_id/result,GET /api/ai-auditor/analyze/jobs/:job_id/result,/api/ai-auditor/analyze/jobs/:job_id/result,GET,ai-auditor.routes,global_enforce_tenant_request_scope,,,,audit-signal,,,,backend/src/routes/ai-auditor.routes.js,2986,backend/src/app.js,390,true,true,true,global_api_auth_middleware,global_enforce_api_access,global_enforce_tenant_request_scope,false,
,global_enforce_api_access,/api/ai-auditor/analyze,POST /api/ai-auditor/analyze,/api/ai-auditor/analyze,POST,ai-auditor.routes,global_enforce_tenant_request_scope,,,,audit-signal,,,,backend/src/routes/ai-auditor.routes.js,3002,backend/src/app.js,390,true,true,true,global_api_auth_middleware,global_enforce_api_access,global_enforce_tenant_request_scope,false,
,global_enforce_api_access,/api/ai-auditor/suggestions/:type/prepare,POST /api/ai-auditor/suggestions/:type/prepare,/api/ai-auditor/suggestions/:type/prepare,POST,ai-auditor.routes,global_enforce_tenant_request_scope,,,,audit-signal,,,,backend/src/routes/ai-auditor.routes.js,3194,backend/src/app.js,390,true,true,true,global_api_auth_middleware,global_enforce_api_access,global_enforce_tenant_request_scope,false,
,global_enforce_api_access,/api/ai-auditor/context/:audit_id,GET /api/ai-auditor/context/:audit_id,/api/ai-auditor/context/:audit_id,GET,ai-auditor.routes,global_enforce_tenant_request_scope,,,,audit-signal,,,,backend/src/routes/ai-auditor.routes.js,3265,backend/src/app.js,390,true,true,true,global_api_auth_middleware,global_enforce_api_access,global_enforce_tenant_request_scope,false,
,global_enforce_api_access,/api/ai-auditor/analyze/:audit_id,POST /api/ai-auditor/analyze/:audit_id,/api/ai-auditor/analyze/:audit_id,POST,ai-auditor.routes,global_enforce_tenant_request_scope,,,,audit-signal,,,,backend/src/routes/ai-auditor.routes.js,3309,backend/src/app.js,390,true,true,true,global_api_auth_middleware,global_enforce_api_access,global_enforce_tenant_request_scope,false,
,global_enforce_api_access,/api/ai-auditor/runs/:tenant_id,GET /api/ai-auditor/runs/:tenant_id,/api/ai-auditor/runs/:tenant_id,GET,ai-auditor.routes,global_enforce_tenant_request_scope,,,,audit-signal,,,,backend/src/routes/ai-auditor.routes.js,3399,backend/src/app.js,390,true,true,true,global_api_auth_middleware,global_enforce_api_access,global_enforce_tenant_request_scope,false,
,global_enforce_api_access,/api/ai-compliance/benchmark,GET /api/ai-compliance/benchmark,/api/ai-compliance/benchmark,GET,ai-benchmark.routes,global_enforce_tenant_request_scope,,,,,,,,backend/src/routes/ai-benchmark.routes.js,556,backend/src/app.js,431,true,true,true,global_api_auth_middleware,global_enforce_api_access,global_enforce_tenant_request_scope,false,
,global_enforce_api_access,/api/ai-compliance/benchmark,POST /api/ai-compliance/benchmark,/api/ai-compliance/benchmark,POST,ai-benchmark.routes,global_enforce_tenant_request_scope,,,,,,,,backend/src/routes/ai-benchmark.routes.js,557,backend/src/app.js,431,true,true,true,global_api_auth_middleware,global_enforce_api_access,global_enforce_tenant_request_scope,false,
,global_enforce_api_access,/api/ai-compliance/engine-health,GET /api/ai-compliance/engine-health,/api/ai-compliance/engine-health,GET,ai-compliance.routes,global_enforce_tenant_request_scope,,,,,,,,backend/src/routes/ai-compliance.routes.js,1911,backend/src/app.js,432,true,true,true,global_api_auth_middleware,global_enforce_api_access,global_enforce_tenant_request_scope,false,
,global_enforce_api_access,/api/ai-compliance/health-summary,GET /api/ai-compliance/health-summary,/api/ai-compliance/health-summary,GET,ai-compliance.routes,global_enforce_tenant_request_scope,,,,,,,,backend/src/routes/ai-compliance.routes.js,1938,backend/src/app.js,432,true,true,true,global_api_auth_middleware,global_enforce_api_access,global_enforce_tenant_request_scope,false,
,global_enforce_api_access,/api/ai-compliance/analyze,POST /api/ai-compliance/analyze,/api/ai-compliance/analyze,POST,ai-compliance.routes,global_enforce_tenant_request_scope,,,,audit-signal,,,,backend/src/routes/ai-compliance.routes.js,2086,backend/src/app.js,432,true,true,true,global_api_auth_middleware,global_enforce_api_access,global_enforce_tenant_request_scope,false,
,global_enforce_api_access,/api/ai-compliance/findings,GET /api/ai-compliance/findings,/api/ai-compliance/findings,GET,ai-compliance.routes,global_enforce_tenant_request_scope,,,,,,,,backend/src/routes/ai-compliance.routes.js,2159,backend/src/app.js,432,true,true,true,global_api_auth_middleware,global_enforce_api_access,global_enforce_tenant_request_scope,false,
,global_enforce_api_access,/api/ai-compliance/finding-analysis,POST /api/ai-compliance/finding-analysis,/api/ai-compliance/finding-analysis,POST,ai-compliance.routes,global_enforce_tenant_request_scope,,,,,,,,backend/src/routes/ai-compliance.routes.js,2190,backend/src/app.js,432,true,true,true,global_api_auth_middleware,global_enforce_api_access,global_enforce_tenant_request_scope,false,
,global_enforce_api_access,/api/ai-compliance/nonconformity-draft,POST /api/ai-compliance/nonconformity-draft,/api/ai-compliance/nonconformity-draft,POST,ai-compliance.routes,global_enforce_tenant_request_scope,,,,,,,,backend/src/routes/ai-compliance.routes.js,2279,backend/src/app.js,432,true,true,true,global_api_auth_middleware,global_enforce_api_access,global_enforce_tenant_request_scope,false,
,global_enforce_api_access,/api/ai-compliance/action-plan-suggestion,POST /api/ai-compliance/action-plan-suggestion,/api/ai-compliance/action-plan-suggestion,POST,ai-compliance.routes,global_enforce_tenant_request_scope,,,,,,,,backend/src/routes/ai-compliance.routes.js,2380,backend/src/app.js,432,true,true,true,global_api_auth_middleware,global_enforce_api_access,global_enforce_tenant_request_scope,false,
,global_enforce_api_access,/api/ai-compliance/executive-brief,GET /api/ai-compliance/executive-brief,/api/ai-compliance/executive-brief,GET,ai-compliance.routes,global_enforce_tenant_request_scope,,,,,,,,backend/src/routes/ai-compliance.routes.js,2464,backend/src/app.js,432,true,true,true,global_api_auth_middleware,global_enforce_api_access,global_enforce_tenant_request_scope,false,
,global_enforce_api_access,/api/ai-compliance/suggestions,GET /api/ai-compliance/suggestions,/api/ai-compliance/suggestions,GET,ai-compliance.routes,global_enforce_tenant_request_scope,,,,audit-signal,,,,backend/src/routes/ai-compliance.routes.js,2616,backend/src/app.js,432,true,true,true,global_api_auth_middleware,global_enforce_api_access,global_enforce_tenant_request_scope,false,
,global_enforce_api_access,/api/ai-compliance/suggestions/save,POST /api/ai-compliance/suggestions/save,/api/ai-compliance/suggestions/save,POST,ai-compliance.routes,global_enforce_tenant_request_scope,,,,,,,,backend/src/routes/ai-compliance.routes.js,2650,backend/src/app.js,432,true,true,true,global_api_auth_middleware,global_enforce_api_access,global_enforce_tenant_request_scope,false,
,global_enforce_api_access,/api/ai-compliance/suggestions/:id/apply,POST /api/ai-compliance/suggestions/:id/apply,/api/ai-compliance/suggestions/:id/apply,POST,ai-compliance.routes,global_enforce_tenant_request_scope,,,,,,,,backend/src/routes/ai-compliance.routes.js,2704,backend/src/app.js,432,true,true,true,global_api_auth_middleware,global_enforce_api_access,global_enforce_tenant_request_scope,false,
,global_enforce_api_access,/api/ai-compliance/apply/finding-analysis-to-finding,POST /api/ai-compliance/apply/finding-analysis-to-finding,/api/ai-compliance/apply/finding-analysis-to-finding,POST,ai-compliance.routes,global_enforce_tenant_request_scope,,,,audit-signal,,,,backend/src/routes/ai-compliance.routes.js,2785,backend/src/app.js,432,true,true,true,global_api_auth_middleware,global_enforce_api_access,global_enforce_tenant_request_scope,false,
,global_enforce_api_access,/api/ai-compliance/apply/action-plan-suggestion-to-plan,POST /api/ai-compliance/apply/action-plan-suggestion-to-plan,/api/ai-compliance/apply/action-plan-suggestion-to-plan,POST,ai-compliance.routes,global_enforce_tenant_request_scope,,,,,,,,backend/src/routes/ai-compliance.routes.js,3021,backend/src/app.js,432,true,true,true,global_api_auth_middleware,global_enforce_api_access,global_enforce_tenant_request_scope,false,
,global_enforce_api_access,/api/ai-compliance/apply/nonconformity-draft-to-action-plan,POST /api/ai-compliance/apply/nonconformity-draft-to-action-plan,/api/ai-compliance/apply/nonconformity-draft-to-action-plan,POST,ai-compliance.routes,global_enforce_tenant_request_scope,,,,,,,,backend/src/routes/ai-compliance.routes.js,3213,backend/src/app.js,432,true,true,true,global_api_auth_middleware,global_enforce_api_access,global_enforce_tenant_request_scope,false,
,global_enforce_api_access,/api/ai-external-lookup,GET /api/ai-external-lookup,/api/ai-external-lookup,GET,ai-external-lookup.routes,global_enforce_tenant_request_scope,,,,,,,,backend/src/routes/ai-external-lookup.routes.js,255,backend/src/app.js,422,true,true,true,global_api_auth_middleware,global_enforce_api_access,global_enforce_tenant_request_scope,false,
,global_enforce_api_access,/ai-external-lookup,GET /ai-external-lookup,/ai-external-lookup,GET,ai-external-lookup.routes,route_or_handler_tenant_signal,,,,,,,,backend/src/routes/ai-external-lookup.routes.js,255,backend/src/app.js,424,true,true,true,global_api_auth_middleware,global_enforce_api_access,route_or_handler_tenant_signal,false,
,global_enforce_api_access,/api/ai-external-lookup/search,POST /api/ai-external-lookup/search,/api/ai-external-lookup/search,POST,ai-external-lookup.routes,global_enforce_tenant_request_scope,,,,,,,,backend/src/routes/ai-external-lookup.routes.js,263,backend/src/app.js,422,true,true,true,global_api_auth_middleware,global_enforce_api_access,global_enforce_tenant_request_scope,false,
,global_enforce_api_access,/ai-external-lookup/search,POST /ai-external-lookup/search,/ai-external-lookup/search,POST,ai-external-lookup.routes,route_or_handler_tenant_signal,,,,,,,,backend/src/routes/ai-external-lookup.routes.js,263,backend/src/app.js,424,true,true,true,global_api_auth_middleware,global_enforce_api_access,route_or_handler_tenant_signal,false,
,global_enforce_api_access,/api/ai-external-lookup/search,POST /api/ai-external-lookup/search,/api/ai-external-lookup/search,POST,ai-external-lookup.routes,global_enforce_tenant_request_scope,,,,,,,,backend/src/routes/ai-external-lookup.routes.js,565,backend/src/app.js,422,true,true,true,global_api_auth_middleware,global_enforce_api_access,global_enforce_tenant_request_scope,false,
,global_enforce_api_access,/ai-external-lookup/search,POST /ai-external-lookup/search,/ai-external-lookup/search,POST,ai-external-lookup.routes,route_or_handler_tenant_signal,,,,,,,,backend/src/routes/ai-external-lookup.routes.js,565,backend/src/app.js,424,true,true,true,global_api_auth_middleware,global_enforce_api_access,route_or_handler_tenant_signal,false,
,global_enforce_api_access,/api/ai-external-lookup/cache,POST /api/ai-external-lookup/cache,/api/ai-external-lookup/cache,POST,ai-external-lookup.routes,global_enforce_tenant_request_scope,,,,,,,,backend/src/routes/ai-external-lookup.routes.js,624,backend/src/app.js,422,true,true,true,global_api_auth_middleware,global_enforce_api_access,global_enforce_tenant_request_scope,false,
,global_enforce_api_access,/ai-external-lookup/cache,POST /ai-external-lookup/cache,/ai-external-lookup/cache,POST,ai-external-lookup.routes,route_or_handler_tenant_signal,,,,,,,,backend/src/routes/ai-external-lookup.routes.js,624,backend/src/app.js,424,true,true,true,global_api_auth_middleware,global_enforce_api_access,route_or_handler_tenant_signal,false,
,global_enforce_api_access,/api/ai-feedback,GET /api/ai-feedback,/api/ai-feedback,GET,ai-feedback.routes,global_enforce_tenant_request_scope,,,,,,,,backend/src/routes/ai-feedback.routes.js,148,backend/src/app.js,421,true,true,true,global_api_auth_middleware,global_enforce_api_access,global_enforce_tenant_request_scope,false,
,global_enforce_api_access,/ai-feedback,GET /ai-feedback,/ai-feedback,GET,ai-feedback.routes,route_or_handler_tenant_signal,,,,,,,,backend/src/routes/ai-feedback.routes.js,148,backend/src/app.js,423,true,true,true,global_api_auth_middleware,global_enforce_api_access,route_or_handler_tenant_signal,false,
,global_enforce_api_access,/api/ai-feedback,POST /api/ai-feedback,/api/ai-feedback,POST,ai-feedback.routes,global_enforce_tenant_request_scope,,,,,,,,backend/src/routes/ai-feedback.routes.js,156,backend/src/app.js,421,true,true,true,global_api_auth_middleware,global_enforce_api_access,global_enforce_tenant_request_scope,false,
,global_enforce_api_access,/ai-feedback,POST /ai-feedback,/ai-feedback,POST,ai-feedback.routes,route_or_handler_tenant_signal,,,,,,,,backend/src/routes/ai-feedback.routes.js,156,backend/src/app.js,423,true,true,true,global_api_auth_middleware,global_enforce_api_access,route_or_handler_tenant_signal,false,
,global_enforce_api_access,/api/ai-feedback/entity/:entityType/:entityId,GET /api/ai-feedback/entity/:entityType/:entityId,/api/ai-feedback/entity/:entityType/:entityId,GET,ai-feedback.routes,global_enforce_tenant_request_scope,,,,,,,,backend/src/routes/ai-feedback.routes.js,303,backend/src/app.js,421,true,true,true,global_api_auth_middleware,global_enforce_api_access,global_enforce_tenant_request_scope,false,
,global_enforce_api_access,/ai-feedback/entity/:entityType/:entityId,GET /ai-feedback/entity/:entityType/:entityId,/ai-feedback/entity/:entityType/:entityId,GET,ai-feedback.routes,route_or_handler_tenant_signal,,,,,,,,backend/src/routes/ai-feedback.routes.js,303,backend/src/app.js,423,true,true,true,global_api_auth_middleware,global_enforce_api_access,route_or_handler_tenant_signal,false,
,global_enforce_api_access,/api/ai-feedback/stats,GET /api/ai-feedback/stats,/api/ai-feedback/stats,GET,ai-feedback.routes,global_enforce_tenant_request_scope,,,,,,,,backend/src/routes/ai-feedback.routes.js,365,backend/src/app.js,421,true,true,true,global_api_auth_middleware,global_enforce_api_access,global_enforce_tenant_request_scope,false,
,global_enforce_api_access,/ai-feedback/stats,GET /ai-feedback/stats,/ai-feedback/stats,GET,ai-feedback.routes,route_or_handler_tenant_signal,,,,,,,,backend/src/routes/ai-feedback.routes.js,365,backend/src/app.js,423,true,true,true,global_api_auth_middleware,global_enforce_api_access,route_or_handler_tenant_signal,false,
,global_enforce_api_access,/api/ai-feedback/useful-cases,GET /api/ai-feedback/useful-cases,/api/ai-feedback/useful-cases,GET,ai-feedback.routes,global_enforce_tenant_request_scope,,,,,,,,backend/src/routes/ai-feedback.routes.js,422,backend/src/app.js,421,true,true,true,global_api_auth_middleware,global_enforce_api_access,global_enforce_tenant_request_scope,false,
,global_enforce_api_access,/ai-feedback/useful-cases,GET /ai-feedback/useful-cases,/ai-feedback/useful-cases,GET,ai-feedback.routes,route_or_handler_tenant_signal,,,,,,,,backend/src/routes/ai-feedback.routes.js,422,backend/src/app.js,423,true,true,true,global_api_auth_middleware,global_enforce_api_access,route_or_handler_tenant_signal,false,
,global_enforce_api_access,/api/ai-compliance/knowledge/search,GET /api/ai-compliance/knowledge/search,/api/ai-compliance/knowledge/search,GET,ai-knowledge.routes,global_enforce_tenant_request_scope,,,,,,,,backend/src/routes/ai-knowledge.routes.js,210,backend/src/app.js,433,true,true,true,global_api_auth_middleware,global_enforce_api_access,global_enforce_tenant_request_scope,false,
,global_enforce_api_access,/api/ai-compliance/knowledge/internal-search,POST /api/ai-compliance/knowledge/internal-search,/api/ai-compliance/knowledge/internal-search,POST,ai-knowledge.routes,global_enforce_tenant_request_scope,,,,,,,,backend/src/routes/ai-knowledge.routes.js,249,backend/src/app.js,433,true,true,true,global_api_auth_middleware,global_enforce_api_access,global_enforce_tenant_request_scope,false,
,global_enforce_api_access,/api/ai-compliance/tenant-search,GET /api/ai-compliance/tenant-search,/api/ai-compliance/tenant-search,GET,ai-tenant-search.routes,global_enforce_tenant_request_scope,,,,,,,,backend/src/routes/ai-tenant-search.routes.js,670,backend/src/app.js,445,true,true,true,global_api_auth_middleware,global_enforce_api_access,global_enforce_tenant_request_scope,false,
,global_enforce_api_access,/api/ai-compliance/tenant-search,POST /api/ai-compliance/tenant-search,/api/ai-compliance/tenant-search,POST,ai-tenant-search.routes,global_enforce_tenant_request_scope,,,,,,,,backend/src/routes/ai-tenant-search.routes.js,671,backend/src/app.js,445,true,true,true,global_api_auth_middleware,global_enforce_api_access,global_enforce_tenant_request_scope,false,
,global_enforce_api_access,/api/ai-traces,POST /api/ai-traces,/api/ai-traces,POST,ai-traces.routes,global_enforce_tenant_request_scope,,,,,,,,backend/src/routes/ai-traces.routes.js,75,backend/src/app.js,425,true,true,true,global_api_auth_middleware,global_enforce_api_access,global_enforce_tenant_request_scope,false,
,global_enforce_api_access,/api/ai-traces,GET /api/ai-traces,/api/ai-traces,GET,ai-traces.routes,global_enforce_tenant_request_scope,,,,,,,,backend/src/routes/ai-traces.routes.js,196,backend/src/app.js,425,true,true,true,global_api_auth_middleware,global_enforce_api_access,global_enforce_tenant_request_scope,false,
,global_enforce_api_access,/api/ai-traces/:id,GET /api/ai-traces/:id,/api/ai-traces/:id,GET,ai-traces.routes,global_enforce_tenant_request_scope,,,,,,,,backend/src/routes/ai-traces.routes.js,303,backend/src/app.js,425,true,true,true,global_api_auth_middleware,global_enforce_api_access,global_enforce_tenant_request_scope,false,
,global_enforce_api_access,/api/ai/recommendations/:tenant_id,GET /api/ai/recommendations/:tenant_id,/api/ai/recommendations/:tenant_id,GET,ai.routes,global_enforce_tenant_request_scope,,,,audit-signal,,,,backend/src/routes/ai.routes.js,61,backend/src/app.js,389,true,true,true,global_api_auth_middleware,global_enforce_api_access,global_enforce_tenant_request_scope,false,
,global_enforce_api_access,/api/ai/apply/:tenant_control_id,PUT /api/ai/apply/:tenant_control_id,/api/ai/apply/:tenant_control_id,PUT,ai.routes,global_enforce_tenant_request_scope,,,,audit-signal,,,,backend/src/routes/ai.routes.js,136,backend/src/app.js,389,true,true,true,global_api_auth_middleware,global_enforce_api_access,global_enforce_tenant_request_scope,false,
,global_enforce_api_access,/api/assets,POST /api/assets,/api/assets,POST,assets.routes,global_enforce_tenant_request_scope,,,,,,,,backend/src/routes/assets.routes.js,485,backend/src/app.js,405,true,true,true,global_api_auth_middleware,global_enforce_api_access,global_enforce_tenant_request_scope,false,
,global_enforce_api_access,/api/assets/:tenant_id,GET /api/assets/:tenant_id,/api/assets/:tenant_id,GET,assets.routes,global_enforce_tenant_request_scope,,,,,,,,backend/src/routes/assets.routes.js,562,backend/src/app.js,405,true,true,true,global_api_auth_middleware,global_enforce_api_access,global_enforce_tenant_request_scope,false,
,global_enforce_api_access,/api/assets/risk,POST /api/assets/risk,/api/assets/risk,POST,assets.routes,global_enforce_tenant_request_scope,,,,,,,,backend/src/routes/assets.routes.js,642,backend/src/app.js,405,true,true,true,global_api_auth_middleware,global_enforce_api_access,global_enforce_tenant_request_scope,false,
,global_enforce_api_access,/api/assets/risk/:asset_id,GET /api/assets/risk/:asset_id,/api/assets/risk/:asset_id,GET,assets.routes,global_enforce_tenant_request_scope,,,,,,,,backend/src/routes/assets.routes.js,699,backend/src/app.js,405,true,true,true,global_api_auth_middleware,global_enforce_api_access,global_enforce_tenant_request_scope,false,
,global_enforce_api_access,/api/assets/risk-summary/:tenant_id,GET /api/assets/risk-summary/:tenant_id,/api/assets/risk-summary/:tenant_id,GET,assets.routes,global_enforce_tenant_request_scope,,,,,,,,backend/src/routes/assets.routes.js,753,backend/src/app.js,405,true,true,true,global_api_auth_middleware,global_enforce_api_access,global_enforce_tenant_request_scope,false,
,global_enforce_api_access,/api/audit-execution/:audit_id/checklist,GET /api/audit-execution/:audit_id/checklist,/api/audit-execution/:audit_id/checklist,GET,audit-execution.routes,global_enforce_tenant_request_scope,,,,audit-signal,,,,backend/src/routes/audit-execution.routes.js,225,backend/src/app.js,403,true,true,true,global_api_auth_middleware,global_enforce_api_access,global_enforce_tenant_request_scope,false,
,global_enforce_api_access,/api/audit-execution/review/:review_id,PUT /api/audit-execution/review/:review_id,/api/audit-execution/review/:review_id,PUT,audit-execution.routes,global_enforce_tenant_request_scope,,,,audit-signal,,,,backend/src/routes/audit-execution.routes.js,268,backend/src/app.js,403,true,true,true,global_api_auth_middleware,global_enforce_api_access,global_enforce_tenant_request_scope,false,
,global_enforce_api_access,/api/audit-execution/:audit_id/summary,GET /api/audit-execution/:audit_id/summary,/api/audit-execution/:audit_id/summary,GET,audit-execution.routes,global_enforce_tenant_request_scope,,,,audit-signal,,,,backend/src/routes/audit-execution.routes.js,334,backend/src/app.js,403,true,true,true,global_api_auth_middleware,global_enforce_api_access,global_enforce_tenant_request_scope,false,
,global_enforce_api_access,/api/audit-preparation/templates,GET /api/audit-preparation/templates,/api/audit-preparation/templates,GET,auditPreparation.routes,global_enforce_tenant_request_scope,,,,audit-signal,,,,backend/src/routes/auditPreparation.routes.js,43,backend/src/app.js,404,true,true,true,global_api_auth_middleware,global_enforce_api_access,global_enforce_tenant_request_scope,false,
,global_enforce_api_access,/api/audit-preparation/documentary-sources,GET /api/audit-preparation/documentary-sources,/api/audit-preparation/documentary-sources,GET,auditPreparation.routes,global_enforce_tenant_request_scope,,,,audit-signal,,,,backend/src/routes/auditPreparation.routes.js,44,backend/src/app.js,404,true,true,true,global_api_auth_middleware,global_enforce_api_access,global_enforce_tenant_request_scope,false,
,global_enforce_api_access,/api/audit-preparation/documentary-sources,POST /api/audit-preparation/documentary-sources,/api/audit-preparation/documentary-sources,POST,auditPreparation.routes,global_enforce_tenant_request_scope,,,,audit-signal,,,,backend/src/routes/auditPreparation.routes.js,45,backend/src/app.js,404,true,true,true,global_api_auth_middleware,global_enforce_api_access,global_enforce_tenant_request_scope,false,
,global_enforce_api_access,/api/audit-preparation/documentary-sources/:sourceId,PUT /api/audit-preparation/documentary-sources/:sourceId,/api/audit-preparation/documentary-sources/:sourceId,PUT,auditPreparation.routes,global_enforce_tenant_request_scope,,,,audit-signal,,,,backend/src/routes/auditPreparation.routes.js,46,backend/src/app.js,404,true,true,true,global_api_auth_middleware,global_enforce_api_access,global_enforce_tenant_request_scope,false,
,global_enforce_api_access,/api/audit-preparation/documentary-sources/:sourceId,DELETE /api/audit-preparation/documentary-sources/:sourceId,/api/audit-preparation/documentary-sources/:sourceId,DELETE,auditPreparation.routes,global_enforce_tenant_request_scope,,,,audit-signal,,,,backend/src/routes/auditPreparation.routes.js,47,backend/src/app.js,404,true,true,true,global_api_auth_middleware,global_enforce_api_access,global_enforce_tenant_request_scope,false,
,global_enforce_api_access,/api/audit-preparation/packages,POST /api/audit-preparation/packages,/api/audit-preparation/packages,POST,auditPreparation.routes,global_enforce_tenant_request_scope,,,,audit-signal,,,,backend/src/routes/auditPreparation.routes.js,48,backend/src/app.js,404,true,true,true,global_api_auth_middleware,global_enforce_api_access,global_enforce_tenant_request_scope,false,
,global_enforce_api_access,/api/audit-preparation/packages,GET /api/audit-preparation/packages,/api/audit-preparation/packages,GET,auditPreparation.routes,global_enforce_tenant_request_scope,,,,audit-signal,,,,backend/src/routes/auditPreparation.routes.js,49,backend/src/app.js,404,true,true,true,global_api_auth_middleware,global_enforce_api_access,global_enforce_tenant_request_scope,false,
,global_enforce_api_access,/api/audit-preparation/packages/:id/summary,GET /api/audit-preparation/packages/:id/summary,/api/audit-preparation/packages/:id/summary,GET,auditPreparation.routes,global_enforce_tenant_request_scope,,,,audit-signal,,,,backend/src/routes/auditPreparation.routes.js,50,backend/src/app.js,404,true,true,true,global_api_auth_middleware,global_enforce_api_access,global_enforce_tenant_request_scope,false,
,global_enforce_api_access,/api/audit-preparation/packages/:id/documents,GET /api/audit-preparation/packages/:id/documents,/api/audit-preparation/packages/:id/documents,GET,auditPreparation.routes,global_enforce_tenant_request_scope,,,,audit-signal,,,,backend/src/routes/auditPreparation.routes.js,51,backend/src/app.js,404,true,true,true,global_api_auth_middleware,global_enforce_api_access,global_enforce_tenant_request_scope,false,
,global_enforce_api_access,/api/audit-preparation/packages/:id/build-context,POST /api/audit-preparation/packages/:id/build-context,/api/audit-preparation/packages/:id/build-context,POST,auditPreparation.routes,global_enforce_tenant_request_scope,,,,audit-signal,,,,backend/src/routes/auditPreparation.routes.js,52,backend/src/app.js,404,true,true,true,global_api_auth_middleware,global_enforce_api_access,global_enforce_tenant_request_scope,false,
,global_enforce_api_access,/api/audit-preparation/packages/:id/generate-documents,POST /api/audit-preparation/packages/:id/generate-documents,/api/audit-preparation/packages/:id/generate-documents,POST,auditPreparation.routes,global_enforce_tenant_request_scope,,,,audit-signal,,,,backend/src/routes/auditPreparation.routes.js,53,backend/src/app.js,404,true,true,true,global_api_auth_middleware,global_enforce_api_access,global_enforce_tenant_request_scope,false,
,global_enforce_api_access,/api/audit-preparation/packages/:id/generate-evidence-index,POST /api/audit-preparation/packages/:id/generate-evidence-index,/api/audit-preparation/packages/:id/generate-evidence-index,POST,auditPreparation.routes,global_enforce_tenant_request_scope,,,,audit-signal,,,,backend/src/routes/auditPreparation.routes.js,54,backend/src/app.js,404,true,true,true,global_api_auth_middleware,global_enforce_api_access,global_enforce_tenant_request_scope,false,
,global_enforce_api_access,/api/audit-preparation/packages/:id/uploaded-zips,GET /api/audit-preparation/packages/:id/uploaded-zips,/api/audit-preparation/packages/:id/uploaded-zips,GET,auditPreparation.routes,global_enforce_tenant_request_scope,,,,audit-signal,,,,backend/src/routes/auditPreparation.routes.js,55,backend/src/app.js,404,true,true,true,global_api_auth_middleware,global_enforce_api_access,global_enforce_tenant_request_scope,false,
,global_enforce_api_access,/api/audit-preparation/packages/:id/gaps,GET /api/audit-preparation/packages/:id/gaps,/api/audit-preparation/packages/:id/gaps,GET,auditPreparation.routes,global_enforce_tenant_request_scope,,,,audit-signal,,,,backend/src/routes/auditPreparation.routes.js,56,backend/src/app.js,404,true,true,true,global_api_auth_middleware,global_enforce_api_access,global_enforce_tenant_request_scope,false,
,global_enforce_api_access,/api/audit-preparation/packages/:id/export,POST /api/audit-preparation/packages/:id/export,/api/audit-preparation/packages/:id/export,POST,auditPreparation.routes,global_enforce_tenant_request_scope,,,,audit-signal,,,,backend/src/routes/auditPreparation.routes.js,57,backend/src/app.js,404,true,true,true,global_api_auth_middleware,global_enforce_api_access,global_enforce_tenant_request_scope,false,
,global_enforce_api_access,/api/audit-preparation/packages/:id/download-export,GET /api/audit-preparation/packages/:id/download-export,/api/audit-preparation/packages/:id/download-export,GET,auditPreparation.routes,global_enforce_tenant_request_scope,,,,audit-signal,,,,backend/src/routes/auditPreparation.routes.js,58,backend/src/app.js,404,true,true,true,global_api_auth_middleware,global_enforce_api_access,global_enforce_tenant_request_scope,false,
,global_enforce_api_access,/api/audit-preparation/packages/:id,GET /api/audit-preparation/packages/:id,/api/audit-preparation/packages/:id,GET,auditPreparation.routes,global_enforce_tenant_request_scope,,,,audit-signal,,,,backend/src/routes/auditPreparation.routes.js,59,backend/src/app.js,404,true,true,true,global_api_auth_middleware,global_enforce_api_access,global_enforce_tenant_request_scope,false,
,global_enforce_api_access,/api/audit-preparation/documents/:documentId,GET /api/audit-preparation/documents/:documentId,/api/audit-preparation/documents/:documentId,GET,auditPreparation.routes,global_enforce_tenant_request_scope,,,,audit-signal,,,,backend/src/routes/auditPreparation.routes.js,60,backend/src/app.js,404,true,true,true,global_api_auth_middleware,global_enforce_api_access,global_enforce_tenant_request_scope,false,
,global_enforce_api_access,/api/audit-preparation/documents/:documentId/download,GET /api/audit-preparation/documents/:documentId/download,/api/audit-preparation/documents/:documentId/download,GET,auditPreparation.routes,global_enforce_tenant_request_scope,,,,audit-signal,,,,backend/src/routes/auditPreparation.routes.js,61,backend/src/app.js,404,true,true,true,global_api_auth_middleware,global_enforce_api_access,global_enforce_tenant_request_scope,false,
,global_enforce_api_access,/api/audit-preparation/documents/:documentId/history,GET /api/audit-preparation/documents/:documentId/history,/api/audit-preparation/documents/:documentId/history,GET,auditPreparation.routes,global_enforce_tenant_request_scope,,,,audit-signal,,,,backend/src/routes/auditPreparation.routes.js,62,backend/src/app.js,404,true,true,true,global_api_auth_middleware,global_enforce_api_access,global_enforce_tenant_request_scope,false,
,global_enforce_api_access,/api/audit-preparation/documents/:documentId/status,PATCH /api/audit-preparation/documents/:documentId/status,/api/audit-preparation/documents/:documentId/status,PATCH,auditPreparation.routes,global_enforce_tenant_request_scope,,,,audit-signal,,,,backend/src/routes/auditPreparation.routes.js,63,backend/src/app.js,404,true,true,true,global_api_auth_middleware,global_enforce_api_access,global_enforce_tenant_request_scope,false,
,global_enforce_api_access,/api/audit-preparation/evidences/:evidenceId/status,PATCH /api/audit-preparation/evidences/:evidenceId/status,/api/audit-preparation/evidences/:evidenceId/status,PATCH,auditPreparation.routes,global_enforce_tenant_request_scope,,,,audit-signal,,,,backend/src/routes/auditPreparation.routes.js,64,backend/src/app.js,404,true,true,true,global_api_auth_middleware,global_enforce_api_access,global_enforce_tenant_request_scope,false,
,global_enforce_api_access,/api/audit-preparation/upload-zip,POST /api/audit-preparation/upload-zip,/api/audit-preparation/upload-zip,POST,auditPreparation.routes,global_enforce_tenant_request_scope,,,,audit-signal,,,,backend/src/routes/auditPreparation.routes.js,65,backend/src/app.js,404,true,true,true,global_api_auth_middleware,global_enforce_api_access,global_enforce_tenant_request_scope,false,
,global_enforce_api_access,/api/audits,POST /api/audits,/api/audits,POST,audits.routes,global_enforce_tenant_request_scope,,,,audit-signal,,,,backend/src/routes/audits.routes.js,201,backend/src/app.js,402,true,true,true,global_api_auth_middleware,global_enforce_api_access,global_enforce_tenant_request_scope,false,
,global_enforce_api_access,/api/audits/start/:id,PUT /api/audits/start/:id,/api/audits/start/:id,PUT,audits.routes,global_enforce_tenant_request_scope,,,,audit-signal,,,,backend/src/routes/audits.routes.js,274,backend/src/app.js,402,true,true,true,global_api_auth_middleware,global_enforce_api_access,global_enforce_tenant_request_scope,false,
,global_enforce_api_access,/api/audits/upload/:id,POST /api/audits/upload/:id,/api/audits/upload/:id,POST,audits.routes,global_enforce_tenant_request_scope,,,,audit-signal,,,,backend/src/routes/audits.routes.js,328,backend/src/app.js,402,true,true,true,global_api_auth_middleware,global_enforce_api_access,global_enforce_tenant_request_scope,false,
,global_enforce_api_access,/api/audits/complete/:id,PUT /api/audits/complete/:id,/api/audits/complete/:id,PUT,audits.routes,global_enforce_tenant_request_scope,,,,audit-signal,,,,backend/src/routes/audits.routes.js,383,backend/src/app.js,402,true,true,true,global_api_auth_middleware,global_enforce_api_access,global_enforce_tenant_request_scope,false,
,global_enforce_api_access,/api/audits/report/:id,GET /api/audits/report/:id,/api/audits/report/:id,GET,audits.routes,global_enforce_tenant_request_scope,,,,audit-signal,,,,backend/src/routes/audits.routes.js,437,backend/src/app.js,402,true,true,true,global_api_auth_middleware,global_enforce_api_access,global_enforce_tenant_request_scope,false,
,global_enforce_api_access,/api/audits/summary/:tenant_id,GET /api/audits/summary/:tenant_id,/api/audits/summary/:tenant_id,GET,audits.routes,global_enforce_tenant_request_scope,,,,audit-signal,,,,backend/src/routes/audits.routes.js,481,backend/src/app.js,402,true,true,true,global_api_auth_middleware,global_enforce_api_access,global_enforce_tenant_request_scope,false,
,global_enforce_api_access,/api/audits/next-all/:tenant_id,GET /api/audits/next-all/:tenant_id,/api/audits/next-all/:tenant_id,GET,audits.routes,global_enforce_tenant_request_scope,,,,audit-signal,,,,backend/src/routes/audits.routes.js,686,backend/src/app.js,402,true,true,true,global_api_auth_middleware,global_enforce_api_access,global_enforce_tenant_request_scope,false,
,global_enforce_api_access,/api/audits/next/:tenant_id,GET /api/audits/next/:tenant_id,/api/audits/next/:tenant_id,GET,audits.routes,global_enforce_tenant_request_scope,,,,audit-signal,,,,backend/src/routes/audits.routes.js,774,backend/src/app.js,402,true,true,true,global_api_auth_middleware,global_enforce_api_access,global_enforce_tenant_request_scope,false,
,global_enforce_api_access,/api/audits/:tenant_id,GET /api/audits/:tenant_id,/api/audits/:tenant_id,GET,audits.routes,global_enforce_tenant_request_scope,,,,audit-signal,,,,backend/src/routes/audits.routes.js,826,backend/src/app.js,402,true,true,true,global_api_auth_middleware,global_enforce_api_access,global_enforce_tenant_request_scope,false,
,public_exception,/api/auth/register,POST /api/auth/register,/api/auth/register,POST,auth.routes,public_exception,,Registro público solo si ENABLE_PUBLIC_REGISTER=true; la ruta deniega por defecto.,,,,,,backend/src/routes/auth.routes.js,70,backend/src/app.js,369,true,true,true,public_exception,public_exception,public_exception,true,Registro público solo si ENABLE_PUBLIC_REGISTER=true; la ruta deniega por defecto.
,public_exception,/api/auth/login,POST /api/auth/login,/api/auth/login,POST,auth.routes,public_exception,,Login público controlado por rate limit y validación de credenciales.,,,,,,backend/src/routes/auth.routes.js,117,backend/src/app.js,369,true,true,true,public_exception,public_exception,public_exception,true,Login público controlado por rate limit y validación de credenciales.
,,/api/auth/validate,GET /api/auth/validate,/api/auth/validate,GET,auth.routes,unknown,,,,,,,,backend/src/routes/auth.routes.js,163,backend/src/app.js,369,true,false,false,route_or_handler_auth_signal,,,false,
,global_enforce_api_access,/api/billing/preinvoice/:tenant_id,GET /api/billing/preinvoice/:tenant_id,/api/billing/preinvoice/:tenant_id,GET,billing.routes,global_enforce_tenant_request_scope,,,,,,,,backend/src/routes/billing.routes.js,191,backend/src/app.js,384,true,true,true,global_api_auth_middleware,global_enforce_api_access,global_enforce_tenant_request_scope,false,
,global_enforce_api_access,/api/billing/preinvoice/:tenant_id/materialize,POST /api/billing/preinvoice/:tenant_id/materialize,/api/billing/preinvoice/:tenant_id/materialize,POST,billing.routes,global_enforce_tenant_request_scope,,,,,,,,backend/src/routes/billing.routes.js,220,backend/src/app.js,384,true,true,true,global_api_auth_middleware,global_enforce_api_access,global_enforce_tenant_request_scope,false,
,global_enforce_api_access,/api/company-profile,GET /api/company-profile,/api/company-profile,GET,company-profile.routes,global_enforce_tenant_request_scope,,,,,,,,backend/src/routes/company-profile.routes.js,332,backend/src/app.js,408,true,true,true,global_api_auth_middleware,global_enforce_api_access,global_enforce_tenant_request_scope,false,
,global_enforce_api_access,/api/company-profile/impact,GET /api/company-profile/impact,/api/company-profile/impact,GET,company-profile.routes,global_enforce_tenant_request_scope,,,,,,,,backend/src/routes/company-profile.routes.js,343,backend/src/app.js,408,true,true,true,global_api_auth_middleware,global_enforce_api_access,global_enforce_tenant_request_scope,false,
,global_enforce_api_access,/api/company-profile/impact/summary,GET /api/company-profile/impact/summary,/api/company-profile/impact/summary,GET,company-profile.routes,global_enforce_tenant_request_scope,,,,,,,,backend/src/routes/company-profile.routes.js,358,backend/src/app.js,408,true,true,true,global_api_auth_middleware,global_enforce_api_access,global_enforce_tenant_request_scope,false,
,global_enforce_api_access,/api/company-profile/impact/module/:moduleCode,GET /api/company-profile/impact/module/:moduleCode,/api/company-profile/impact/module/:moduleCode,GET,company-profile.routes,global_enforce_tenant_request_scope,,,,,,,,backend/src/routes/company-profile.routes.js,384,backend/src/app.js,408,true,true,true,global_api_auth_middleware,global_enforce_api_access,global_enforce_tenant_request_scope,false,
,global_enforce_api_access,/api/company-profile/applicability/rebuild,POST /api/company-profile/applicability/rebuild,/api/company-profile/applicability/rebuild,POST,company-profile.routes,global_enforce_tenant_request_scope,,,,,,,,backend/src/routes/company-profile.routes.js,407,backend/src/app.js,408,true,true,true,global_api_auth_middleware,global_enforce_api_access,global_enforce_tenant_request_scope,false,
,global_enforce_api_access,/api/company-profile/applicability/summary,GET /api/company-profile/applicability/summary,/api/company-profile/applicability/summary,GET,company-profile.routes,global_enforce_tenant_request_scope,,,,,,,,backend/src/routes/company-profile.routes.js,435,backend/src/app.js,408,true,true,true,global_api_auth_middleware,global_enforce_api_access,global_enforce_tenant_request_scope,false,
,global_enforce_api_access,/api/company-profile/applicability/controls,GET /api/company-profile/applicability/controls,/api/company-profile/applicability/controls,GET,company-profile.routes,global_enforce_tenant_request_scope,,,,,,,,backend/src/routes/company-profile.routes.js,455,backend/src/app.js,408,true,true,true,global_api_auth_middleware,global_enforce_api_access,global_enforce_tenant_request_scope,false,
,global_enforce_api_access,/api/company-profile/applicability/kpis,GET /api/company-profile/applicability/kpis,/api/company-profile/applicability/kpis,GET,company-profile.routes,global_enforce_tenant_request_scope,,,,,,,,backend/src/routes/company-profile.routes.js,482,backend/src/app.js,408,true,true,true,global_api_auth_middleware,global_enforce_api_access,global_enforce_tenant_request_scope,false,
,global_enforce_api_access,/api/company-profile/applicability/evidence-requirements,GET /api/company-profile/applicability/evidence-requirements,/api/company-profile/applicability/evidence-requirements,GET,company-profile.routes,global_enforce_tenant_request_scope,,,,,,,,backend/src/routes/company-profile.routes.js,503,backend/src/app.js,408,true,true,true,global_api_auth_middleware,global_enforce_api_access,global_enforce_tenant_request_scope,false,
,global_enforce_api_access,/api/company-profile/applicability/exclusions,GET /api/company-profile/applicability/exclusions,/api/company-profile/applicability/exclusions,GET,company-profile.routes,global_enforce_tenant_request_scope,,,,,,,,backend/src/routes/company-profile.routes.js,524,backend/src/app.js,408,true,true,true,global_api_auth_middleware,global_enforce_api_access,global_enforce_tenant_request_scope,false,
,global_enforce_api_access,/api/company-profile,PUT /api/company-profile,/api/company-profile,PUT,company-profile.routes,global_enforce_tenant_request_scope,,,,,,,,backend/src/routes/company-profile.routes.js,551,backend/src/app.js,408,true,true,true,global_api_auth_middleware,global_enforce_api_access,global_enforce_tenant_request_scope,false,
,global_enforce_api_access,/api/company-profile/analyze/start,POST /api/company-profile/analyze/start,/api/company-profile/analyze/start,POST,company-profile.routes,global_enforce_tenant_request_scope,,,,,,,,backend/src/routes/company-profile.routes.js,576,backend/src/app.js,408,true,true,true,global_api_auth_middleware,global_enforce_api_access,global_enforce_tenant_request_scope,false,
,global_enforce_api_access,/api/company-profile/analyze/jobs/:jobId,GET /api/company-profile/analyze/jobs/:jobId,/api/company-profile/analyze/jobs/:jobId,GET,company-profile.routes,global_enforce_tenant_request_scope,,,,,,,,backend/src/routes/company-profile.routes.js,598,backend/src/app.js,408,true,true,true,global_api_auth_middleware,global_enforce_api_access,global_enforce_tenant_request_scope,false,
,global_enforce_api_access,/api/company-profile/analyze/jobs/:jobId/result,GET /api/company-profile/analyze/jobs/:jobId/result,/api/company-profile/analyze/jobs/:jobId/result,GET,company-profile.routes,global_enforce_tenant_request_scope,,,,,,,,backend/src/routes/company-profile.routes.js,612,backend/src/app.js,408,true,true,true,global_api_auth_middleware,global_enforce_api_access,global_enforce_tenant_request_scope,false,
,global_enforce_api_access,/api/company-profile/analyze,POST /api/company-profile/analyze,/api/company-profile/analyze,POST,company-profile.routes,global_enforce_tenant_request_scope,,,,,,,,backend/src/routes/company-profile.routes.js,629,backend/src/app.js,408,true,true,true,global_api_auth_middleware,global_enforce_api_access,global_enforce_tenant_request_scope,false,
,global_enforce_api_access,/api/company-profile/export-context-document,POST /api/company-profile/export-context-document,/api/company-profile/export-context-document,POST,company-profile.routes,global_enforce_tenant_request_scope,,,,,,,,backend/src/routes/company-profile.routes.js,653,backend/src/app.js,408,true,true,true,global_api_auth_middleware,global_enforce_api_access,global_enforce_tenant_request_scope,false,
,global_enforce_api_access,/api/company-profile/context-document/download,GET /api/company-profile/context-document/download,/api/company-profile/context-document/download,GET,company-profile.routes,global_enforce_tenant_request_scope,,,,,,,,backend/src/routes/company-profile.routes.js,680,backend/src/app.js,408,true,true,true,global_api_auth_middleware,global_enforce_api_access,global_enforce_tenant_request_scope,false,
,global_enforce_api_access,/api/controls/:tenant_control_id/ai-analyze,POST /api/controls/:tenant_control_id/ai-analyze,/api/controls/:tenant_control_id/ai-analyze,POST,controls.routes,global_enforce_tenant_request_scope,,,,,,,,backend/src/routes/controls.routes.js,703,backend/src/app.js,388,true,true,true,global_api_auth_middleware,global_enforce_api_access,global_enforce_tenant_request_scope,false,
,global_enforce_api_access,/api/controls/workbench/:tenant_id/:iso,GET /api/controls/workbench/:tenant_id/:iso,/api/controls/workbench/:tenant_id/:iso,GET,controls.routes,global_enforce_tenant_request_scope,,,,,,,,backend/src/routes/controls.routes.js,753,backend/src/app.js,388,true,true,true,global_api_auth_middleware,global_enforce_api_access,global_enforce_tenant_request_scope,false,
,global_enforce_api_access,/api/controls/workbench/:tenant_control_id,PUT /api/controls/workbench/:tenant_control_id,/api/controls/workbench/:tenant_control_id,PUT,controls.routes,global_enforce_tenant_request_scope,,,,,,,,backend/src/routes/controls.routes.js,1165,backend/src/app.js,388,true,true,true,global_api_auth_middleware,global_enforce_api_access,global_enforce_tenant_request_scope,false,
,global_enforce_api_access,/api/controls/workbench/:tenant_control_id/quick-nonconformity,POST /api/controls/workbench/:tenant_control_id/quick-nonconformity,/api/controls/workbench/:tenant_control_id/quick-nonconformity,POST,controls.routes,global_enforce_tenant_request_scope,,,,,,,,backend/src/routes/controls.routes.js,1264,backend/src/app.js,388,true,true,true,global_api_auth_middleware,global_enforce_api_access,global_enforce_tenant_request_scope,false,
,global_enforce_api_access,/api/controls/workbench/:tenant_control_id/quick-finding,POST /api/controls/workbench/:tenant_control_id/quick-finding,/api/controls/workbench/:tenant_control_id/quick-finding,POST,controls.routes,global_enforce_tenant_request_scope,,,,,,,,backend/src/routes/controls.routes.js,1343,backend/src/app.js,388,true,true,true,global_api_auth_middleware,global_enforce_api_access,global_enforce_tenant_request_scope,false,
,global_enforce_api_access,/api/controls/workbench/:tenant_control_id/quick-action-plan,POST /api/controls/workbench/:tenant_control_id/quick-action-plan,/api/controls/workbench/:tenant_control_id/quick-action-plan,POST,controls.routes,global_enforce_tenant_request_scope,,,,,,,,backend/src/routes/controls.routes.js,1457,backend/src/app.js,388,true,true,true,global_api_auth_middleware,global_enforce_api_access,global_enforce_tenant_request_scope,false,
,global_enforce_api_access,/api/controls/catalog/:tenant_id/:iso,GET /api/controls/catalog/:tenant_id/:iso,/api/controls/catalog/:tenant_id/:iso,GET,controls.routes,global_enforce_tenant_request_scope,,,,,,,,backend/src/routes/controls.routes.js,1595,backend/src/app.js,388,true,true,true,global_api_auth_middleware,global_enforce_api_access,global_enforce_tenant_request_scope,false,
,global_enforce_api_access,/api/controls/catalog/:control_id/enable,POST /api/controls/catalog/:control_id/enable,/api/controls/catalog/:control_id/enable,POST,controls.routes,global_enforce_tenant_request_scope,,,,,,,,backend/src/routes/controls.routes.js,1778,backend/src/app.js,388,true,true,true,global_api_auth_middleware,global_enforce_api_access,global_enforce_tenant_request_scope,false,
,global_enforce_api_access,/api/controls/catalog/:control_id/disable,POST /api/controls/catalog/:control_id/disable,/api/controls/catalog/:control_id/disable,POST,controls.routes,global_enforce_tenant_request_scope,,,,,,,,backend/src/routes/controls.routes.js,1875,backend/src/app.js,388,true,true,true,global_api_auth_middleware,global_enforce_api_access,global_enforce_tenant_request_scope,false,
,global_enforce_api_access,/api/controls/catalog-mode/:tenant_id/:iso,PUT /api/controls/catalog-mode/:tenant_id/:iso,/api/controls/catalog-mode/:tenant_id/:iso,PUT,controls.routes,global_enforce_tenant_request_scope,,,,,,,,backend/src/routes/controls.routes.js,1958,backend/src/app.js,388,true,true,true,global_api_auth_middleware,global_enforce_api_access,global_enforce_tenant_request_scope,false,
,global_enforce_api_access,/api/controls/catalog/custom,POST /api/controls/catalog/custom,/api/controls/catalog/custom,POST,controls.routes,global_enforce_tenant_request_scope,,,,,,,,backend/src/routes/controls.routes.js,1998,backend/src/app.js,388,true,true,true,global_api_auth_middleware,global_enforce_api_access,global_enforce_tenant_request_scope,false,
,global_enforce_api_access,/api/controls/catalog/copy/:control_id,POST /api/controls/catalog/copy/:control_id,/api/controls/catalog/copy/:control_id,POST,controls.routes,global_enforce_tenant_request_scope,,,,,,,,backend/src/routes/controls.routes.js,2091,backend/src/app.js,388,true,true,true,global_api_auth_middleware,global_enforce_api_access,global_enforce_tenant_request_scope,false,
,global_enforce_api_access,/api/controls/catalog/custom/:id,PUT /api/controls/catalog/custom/:id,/api/controls/catalog/custom/:id,PUT,controls.routes,global_enforce_tenant_request_scope,,,,,,,,backend/src/routes/controls.routes.js,2230,backend/src/app.js,388,true,true,true,global_api_auth_middleware,global_enforce_api_access,global_enforce_tenant_request_scope,false,
,global_enforce_api_access,/api/controls/catalog/custom/:id,DELETE /api/controls/catalog/custom/:id,/api/controls/catalog/custom/:id,DELETE,controls.routes,global_enforce_tenant_request_scope,,,,,,,,backend/src/routes/controls.routes.js,2350,backend/src/app.js,388,true,true,true,global_api_auth_middleware,global_enforce_api_access,global_enforce_tenant_request_scope,false,
,global_enforce_api_access,/api/controls/:tenant_id,GET /api/controls/:tenant_id,/api/controls/:tenant_id,GET,controls.routes,global_enforce_tenant_request_scope,,,,audit-signal,,,,backend/src/routes/controls.routes.js,2404,backend/src/app.js,388,true,true,true,global_api_auth_middleware,global_enforce_api_access,global_enforce_tenant_request_scope,false,
,global_enforce_api_access,/api/controls/:id,PUT /api/controls/:id,/api/controls/:id,PUT,controls.routes,global_enforce_tenant_request_scope,,,,audit-signal,,,,backend/src/routes/controls.routes.js,2432,backend/src/app.js,388,true,true,true,global_api_auth_middleware,global_enforce_api_access,global_enforce_tenant_request_scope,false,
,global_enforce_api_access,/api/dashboard-controls/:tenant_id,GET /api/dashboard-controls/:tenant_id,/api/dashboard-controls/:tenant_id,GET,dashboard-controls.routes,global_enforce_tenant_request_scope,,,,,,,,backend/src/routes/dashboard-controls.routes.js,51,backend/src/app.js,394,true,true,true,global_api_auth_middleware,global_enforce_api_access,global_enforce_tenant_request_scope,false,
,global_enforce_api_access,/api/dashboard-v2/summary,GET /api/dashboard-v2/summary,/api/dashboard-v2/summary,GET,dashboard-v2.routes,global_enforce_tenant_request_scope,,,,,,,,backend/src/routes/dashboard-v2.routes.js,21,backend/src/app.js,387,true,true,true,global_api_auth_middleware,global_enforce_api_access,global_enforce_tenant_request_scope,false,
,global_enforce_api_access,/api/dashboard-v2/preferences,GET /api/dashboard-v2/preferences,/api/dashboard-v2/preferences,GET,dashboard-v2.routes,global_enforce_tenant_request_scope,,,,,,,,backend/src/routes/dashboard-v2.routes.js,34,backend/src/app.js,387,true,true,true,global_api_auth_middleware,global_enforce_api_access,global_enforce_tenant_request_scope,false,
,global_enforce_api_access,/api/dashboard-v2/preferences,PUT /api/dashboard-v2/preferences,/api/dashboard-v2/preferences,PUT,dashboard-v2.routes,global_enforce_tenant_request_scope,,,,,,,,backend/src/routes/dashboard-v2.routes.js,49,backend/src/app.js,387,true,true,true,global_api_auth_middleware,global_enforce_api_access,global_enforce_tenant_request_scope,false,
,global_enforce_api_access,/api/dashboard-v2/preferences,DELETE /api/dashboard-v2/preferences,/api/dashboard-v2/preferences,DELETE,dashboard-v2.routes,global_enforce_tenant_request_scope,,,,,,,,backend/src/routes/dashboard-v2.routes.js,63,backend/src/app.js,387,true,true,true,global_api_auth_middleware,global_enforce_api_access,global_enforce_tenant_request_scope,false,
,global_enforce_api_access,/api/dashboard-v2/preferences/reset,POST /api/dashboard-v2/preferences/reset,/api/dashboard-v2/preferences/reset,POST,dashboard-v2.routes,global_enforce_tenant_request_scope,,,,,,,,backend/src/routes/dashboard-v2.routes.js,79,backend/src/app.js,387,true,true,true,global_api_auth_middleware,global_enforce_api_access,global_enforce_tenant_request_scope,false,
,global_enforce_api_access,/api/dashboard-v2/actions,GET /api/dashboard-v2/actions,/api/dashboard-v2/actions,GET,dashboard-v2.routes,global_enforce_tenant_request_scope,,,,,,,,backend/src/routes/dashboard-v2.routes.js,93,backend/src/app.js,387,true,true,true,global_api_auth_middleware,global_enforce_api_access,global_enforce_tenant_request_scope,false,
,global_enforce_api_access,/api/dashboard-v2/risks,GET /api/dashboard-v2/risks,/api/dashboard-v2/risks,GET,dashboard-v2.routes,global_enforce_tenant_request_scope,,,,,,,,backend/src/routes/dashboard-v2.routes.js,106,backend/src/app.js,387,true,true,true,global_api_auth_middleware,global_enforce_api_access,global_enforce_tenant_request_scope,false,
,global_enforce_api_access,/api/dashboard-v2/kpis,GET /api/dashboard-v2/kpis,/api/dashboard-v2/kpis,GET,dashboard-v2.routes,global_enforce_tenant_request_scope,,,,,,,,backend/src/routes/dashboard-v2.routes.js,119,backend/src/app.js,387,true,true,true,global_api_auth_middleware,global_enforce_api_access,global_enforce_tenant_request_scope,false,
,global_enforce_api_access,/api/dashboard-v2/alerts,GET /api/dashboard-v2/alerts,/api/dashboard-v2/alerts,GET,dashboard-v2.routes,global_enforce_tenant_request_scope,,,,,,,,backend/src/routes/dashboard-v2.routes.js,132,backend/src/app.js,387,true,true,true,global_api_auth_middleware,global_enforce_api_access,global_enforce_tenant_request_scope,false,
,global_enforce_api_access,/api/dashboard/:tenant_id,GET /api/dashboard/:tenant_id,/api/dashboard/:tenant_id,GET,dashboard.routes,global_enforce_tenant_request_scope,,,,,,,,backend/src/routes/dashboard.routes.js,59,backend/src/app.js,386,true,true,true,global_api_auth_middleware,global_enforce_api_access,global_enforce_tenant_request_scope,false,
,global_enforce_api_access,/api/diagnostic/standards,GET /api/diagnostic/standards,/api/diagnostic/standards,GET,diagnostic.routes,global_enforce_tenant_request_scope,,,,,,,,backend/src/routes/diagnostic.routes.js,178,backend/src/app.js,391,true,true,true,global_api_auth_middleware,global_enforce_api_access,global_enforce_tenant_request_scope,false,
,global_enforce_api_access,/api/diagnostics/standards,GET /api/diagnostics/standards,/api/diagnostics/standards,GET,diagnostic.routes,global_enforce_tenant_request_scope,,,,,,,,backend/src/routes/diagnostic.routes.js,178,backend/src/app.js,392,true,true,true,global_api_auth_middleware,global_enforce_api_access,global_enforce_tenant_request_scope,false,
,global_enforce_api_access,/api/diagnostic/summary,GET /api/diagnostic/summary,/api/diagnostic/summary,GET,diagnostic.routes,global_enforce_tenant_request_scope,,,,,,,,backend/src/routes/diagnostic.routes.js,190,backend/src/app.js,391,true,true,true,global_api_auth_middleware,global_enforce_api_access,global_enforce_tenant_request_scope,false,
,global_enforce_api_access,/api/diagnostics/summary,GET /api/diagnostics/summary,/api/diagnostics/summary,GET,diagnostic.routes,global_enforce_tenant_request_scope,,,,,,,,backend/src/routes/diagnostic.routes.js,190,backend/src/app.js,392,true,true,true,global_api_auth_middleware,global_enforce_api_access,global_enforce_tenant_request_scope,false,
,global_enforce_api_access,/api/diagnostic/processes,GET /api/diagnostic/processes,/api/diagnostic/processes,GET,diagnostic.routes,global_enforce_tenant_request_scope,,,,,,,,backend/src/routes/diagnostic.routes.js,205,backend/src/app.js,391,true,true,true,global_api_auth_middleware,global_enforce_api_access,global_enforce_tenant_request_scope,false,
,global_enforce_api_access,/api/diagnostics/processes,GET /api/diagnostics/processes,/api/diagnostics/processes,GET,diagnostic.routes,global_enforce_tenant_request_scope,,,,,,,,backend/src/routes/diagnostic.routes.js,205,backend/src/app.js,392,true,true,true,global_api_auth_middleware,global_enforce_api_access,global_enforce_tenant_request_scope,false,
,global_enforce_api_access,/api/diagnostic/process-detail,GET /api/diagnostic/process-detail,/api/diagnostic/process-detail,GET,diagnostic.routes,global_enforce_tenant_request_scope,,,,,,,,backend/src/routes/diagnostic.routes.js,220,backend/src/app.js,391,true,true,true,global_api_auth_middleware,global_enforce_api_access,global_enforce_tenant_request_scope,false,
,global_enforce_api_access,/api/diagnostics/process-detail,GET /api/diagnostics/process-detail,/api/diagnostics/process-detail,GET,diagnostic.routes,global_enforce_tenant_request_scope,,,,,,,,backend/src/routes/diagnostic.routes.js,220,backend/src/app.js,392,true,true,true,global_api_auth_middleware,global_enforce_api_access,global_enforce_tenant_request_scope,false,
,global_enforce_api_access,/api/diagnostic/recommendations,POST /api/diagnostic/recommendations,/api/diagnostic/recommendations,POST,diagnostic.routes,global_enforce_tenant_request_scope,,,,,,,,backend/src/routes/diagnostic.routes.js,237,backend/src/app.js,391,true,true,true,global_api_auth_middleware,global_enforce_api_access,global_enforce_tenant_request_scope,false,
,global_enforce_api_access,/api/diagnostics/recommendations,POST /api/diagnostics/recommendations,/api/diagnostics/recommendations,POST,diagnostic.routes,global_enforce_tenant_request_scope,,,,,,,,backend/src/routes/diagnostic.routes.js,237,backend/src/app.js,392,true,true,true,global_api_auth_middleware,global_enforce_api_access,global_enforce_tenant_request_scope,false,
,global_enforce_api_access,/api/diagnostic/ai-contextual-recommendations,POST /api/diagnostic/ai-contextual-recommendations,/api/diagnostic/ai-contextual-recommendations,POST,diagnostic.routes,global_enforce_tenant_request_scope,,,,,,,,backend/src/routes/diagnostic.routes.js,250,backend/src/app.js,391,true,true,true,global_api_auth_middleware,global_enforce_api_access,global_enforce_tenant_request_scope,false,
,global_enforce_api_access,/api/diagnostics/ai-contextual-recommendations,POST /api/diagnostics/ai-contextual-recommendations,/api/diagnostics/ai-contextual-recommendations,POST,diagnostic.routes,global_enforce_tenant_request_scope,,,,,,,,backend/src/routes/diagnostic.routes.js,250,backend/src/app.js,392,true,true,true,global_api_auth_middleware,global_enforce_api_access,global_enforce_tenant_request_scope,false,
,global_enforce_api_access,/api/diagnostic/suggestions/accept-gap,POST /api/diagnostic/suggestions/accept-gap,/api/diagnostic/suggestions/accept-gap,POST,diagnostic.routes,global_enforce_tenant_request_scope,,,,,,,,backend/src/routes/diagnostic.routes.js,262,backend/src/app.js,391,true,true,true,global_api_auth_middleware,global_enforce_api_access,global_enforce_tenant_request_scope,false,
,global_enforce_api_access,/api/diagnostics/suggestions/accept-gap,POST /api/diagnostics/suggestions/accept-gap,/api/diagnostics/suggestions/accept-gap,POST,diagnostic.routes,global_enforce_tenant_request_scope,,,,,,,,backend/src/routes/diagnostic.routes.js,262,backend/src/app.js,392,true,true,true,global_api_auth_middleware,global_enforce_api_access,global_enforce_tenant_request_scope,false,
,global_enforce_api_access,/api/diagnostic/suggestions/accept-action,POST /api/diagnostic/suggestions/accept-action,/api/diagnostic/suggestions/accept-action,POST,diagnostic.routes,global_enforce_tenant_request_scope,,,,,,,,backend/src/routes/diagnostic.routes.js,274,backend/src/app.js,391,true,true,true,global_api_auth_middleware,global_enforce_api_access,global_enforce_tenant_request_scope,false,
,global_enforce_api_access,/api/diagnostics/suggestions/accept-action,POST /api/diagnostics/suggestions/accept-action,/api/diagnostics/suggestions/accept-action,POST,diagnostic.routes,global_enforce_tenant_request_scope,,,,,,,,backend/src/routes/diagnostic.routes.js,274,backend/src/app.js,392,true,true,true,global_api_auth_middleware,global_enforce_api_access,global_enforce_tenant_request_scope,false,
,global_enforce_api_access,/api/diagnostic/:tenant_id,GET /api/diagnostic/:tenant_id,/api/diagnostic/:tenant_id,GET,diagnostic.routes,global_enforce_tenant_request_scope,,,,,,,,backend/src/routes/diagnostic.routes.js,289,backend/src/app.js,391,true,true,true,global_api_auth_middleware,global_enforce_api_access,global_enforce_tenant_request_scope,false,
,global_enforce_api_access,/api/diagnostics/:tenant_id,GET /api/diagnostics/:tenant_id,/api/diagnostics/:tenant_id,GET,diagnostic.routes,global_enforce_tenant_request_scope,,,,,,,,backend/src/routes/diagnostic.routes.js,289,backend/src/app.js,392,true,true,true,global_api_auth_middleware,global_enforce_api_access,global_enforce_tenant_request_scope,false,
,global_enforce_api_access,/api/diagnostic/:id,PUT /api/diagnostic/:id,/api/diagnostic/:id,PUT,diagnostic.routes,global_enforce_tenant_request_scope,,,,,,,,backend/src/routes/diagnostic.routes.js,384,backend/src/app.js,391,true,true,true,global_api_auth_middleware,global_enforce_api_access,global_enforce_tenant_request_scope,false,
,global_enforce_api_access,/api/diagnostics/:id,PUT /api/diagnostics/:id,/api/diagnostics/:id,PUT,diagnostic.routes,global_enforce_tenant_request_scope,,,,,,,,backend/src/routes/diagnostic.routes.js,384,backend/src/app.js,392,true,true,true,global_api_auth_middleware,global_enforce_api_access,global_enforce_tenant_request_scope,false,
,global_enforce_api_access,/api/document-integrations/documents/:documentId/analyze,POST /api/document-integrations/documents/:documentId/analyze,/api/document-integrations/documents/:documentId/analyze,POST,document-integrations-analysis.routes,global_enforce_tenant_request_scope,,,,audit-signal,,,,backend/src/routes/document-integrations-analysis.routes.js,74,backend/src/app.js,397,true,true,true,global_api_auth_middleware,global_enforce_api_access,global_enforce_tenant_request_scope,false,
,global_enforce_api_access,/api/document-integrations/documents/:documentId/analysis,GET /api/document-integrations/documents/:documentId/analysis,/api/document-integrations/documents/:documentId/analysis,GET,document-integrations-analysis.routes,global_enforce_tenant_request_scope,,,,,,,,backend/src/routes/document-integrations-analysis.routes.js,100,backend/src/app.js,397,true,true,true,global_api_auth_middleware,global_enforce_api_access,global_enforce_tenant_request_scope,false,
,global_enforce_api_access,/api/document-integrations/google/folders,GET /api/document-integrations/google/folders,/api/document-integrations/google/folders,GET,document-integrations-folders.routes,global_enforce_tenant_request_scope,,,,,,,,backend/src/routes/document-integrations-folders.routes.js,48,backend/src/app.js,398,true,true,true,global_api_auth_middleware,global_enforce_api_access,global_enforce_tenant_request_scope,false,
,,/api/document-integrations/google/oauth/start,POST /api/document-integrations/google/oauth/start,/api/document-integrations/google/oauth/start,POST,document-integrations-google.routes,route_or_handler_tenant_signal,,,,,,,,backend/src/routes/document-integrations-google.routes.js,215,backend/src/app.js,375,true,false,true,route_or_handler_auth_signal,,route_or_handler_tenant_signal,false,
,,/api/document-integrations/google/oauth/callback,GET /api/document-integrations/google/oauth/callback,/api/document-integrations/google/oauth/callback,GET,document-integrations-google.routes,route_or_handler_tenant_signal,,,,,,,,backend/src/routes/document-integrations-google.routes.js,243,backend/src/app.js,375,true,false,true,route_or_handler_auth_signal,,route_or_handler_tenant_signal,false,
,,/api/document-integrations/google/folders,GET /api/document-integrations/google/folders,/api/document-integrations/google/folders,GET,document-integrations-google.routes,route_or_handler_tenant_signal,,,,,,,,backend/src/routes/document-integrations-google.routes.js,481,backend/src/app.js,375,true,false,true,route_or_handler_auth_signal,,route_or_handler_tenant_signal,false,
,,/api/document-integrations/google/select-folder,POST /api/document-integrations/google/select-folder,/api/document-integrations/google/select-folder,POST,document-integrations-google.routes,route_or_handler_tenant_signal,,,,,,,,backend/src/routes/document-integrations-google.routes.js,517,backend/src/app.js,375,true,false,true,route_or_handler_auth_signal,,route_or_handler_tenant_signal,false,
,,/api/document-integrations/google/sync,POST /api/document-integrations/google/sync,/api/document-integrations/google/sync,POST,document-integrations-google.routes,route_or_handler_tenant_signal,,,,,,,,backend/src/routes/document-integrations-google.routes.js,591,backend/src/app.js,375,true,false,true,route_or_handler_auth_signal,,route_or_handler_tenant_signal,false,
,,/api/document-integrations/google/disconnect,POST /api/document-integrations/google/disconnect,/api/document-integrations/google/disconnect,POST,document-integrations-google.routes,route_or_handler_tenant_signal,,,,,,,,backend/src/routes/document-integrations-google.routes.js,634,backend/src/app.js,375,true,false,true,route_or_handler_auth_signal,,route_or_handler_tenant_signal,false,
,global_enforce_api_access,/api/document-integrations/sources/:sourceId/sync-google,POST /api/document-integrations/sources/:sourceId/sync-google,/api/document-integrations/sources/:sourceId/sync-google,POST,document-integrations-sync.routes,global_enforce_tenant_request_scope,,,,,,,,backend/src/routes/document-integrations-sync.routes.js,34,backend/src/app.js,399,true,true,true,global_api_auth_middleware,global_enforce_api_access,global_enforce_tenant_request_scope,false,
,,/api/document-integrations/zoho/oauth/start,GET /api/document-integrations/zoho/oauth/start,/api/document-integrations/zoho/oauth/start,GET,document-integrations-zoho.routes,route_or_handler_tenant_signal,,,,,,,,backend/src/routes/document-integrations-zoho.routes.js,646,backend/src/app.js,376,true,false,true,route_or_handler_auth_signal,,route_or_handler_tenant_signal,false,
,,/api/document-integrations/zoho/oauth/start,POST /api/document-integrations/zoho/oauth/start,/api/document-integrations/zoho/oauth/start,POST,document-integrations-zoho.routes,route_or_handler_tenant_signal,,,,,,,,backend/src/routes/document-integrations-zoho.routes.js,647,backend/src/app.js,376,true,false,true,route_or_handler_auth_signal,,route_or_handler_tenant_signal,false,
,,/api/document-integrations/zoho/oauth/callback,GET /api/document-integrations/zoho/oauth/callback,/api/document-integrations/zoho/oauth/callback,GET,document-integrations-zoho.routes,route_or_handler_tenant_signal,,,,,,,,backend/src/routes/document-integrations-zoho.routes.js,649,backend/src/app.js,376,true,false,true,route_or_handler_auth_signal,,route_or_handler_tenant_signal,false,
,,/api/document-integrations/zoho/folders,GET /api/document-integrations/zoho/folders,/api/document-integrations/zoho/folders,GET,document-integrations-zoho.routes,route_or_handler_tenant_signal,,,,,,,,backend/src/routes/document-integrations-zoho.routes.js,862,backend/src/app.js,376,true,false,true,route_or_handler_auth_signal,,route_or_handler_tenant_signal,false,
,route_or_handler_permission_signal,/api/document-integrations/zoho/select-folder,POST /api/document-integrations/zoho/select-folder,/api/document-integrations/zoho/select-folder,POST,document-integrations-zoho.routes,route_or_handler_tenant_signal,,,,,,,,backend/src/routes/document-integrations-zoho.routes.js,1089,backend/src/app.js,376,true,true,true,route_or_handler_auth_signal,route_or_handler_permission_signal,route_or_handler_tenant_signal,false,
,,/api/document-integrations/zoho/select-folder-url,POST /api/document-integrations/zoho/select-folder-url,/api/document-integrations/zoho/select-folder-url,POST,document-integrations-zoho.routes,route_or_handler_tenant_signal,,,,,,,,backend/src/routes/document-integrations-zoho.routes.js,1198,backend/src/app.js,376,true,false,true,route_or_handler_auth_signal,,route_or_handler_tenant_signal,false,
,,/api/document-integrations/zoho/sources,POST /api/document-integrations/zoho/sources,/api/document-integrations/zoho/sources,POST,document-integrations-zoho.routes,route_or_handler_tenant_signal,,,,,,,,backend/src/routes/document-integrations-zoho.routes.js,1334,backend/src/app.js,376,true,false,true,route_or_handler_auth_signal,,route_or_handler_tenant_signal,false,
,route_or_handler_permission_signal,/api/document-integrations/zoho/sync,POST /api/document-integrations/zoho/sync,/api/document-integrations/zoho/sync,POST,document-integrations-zoho.routes,route_or_handler_tenant_signal,,,,,,,,backend/src/routes/document-integrations-zoho.routes.js,1342,backend/src/app.js,376,true,true,true,route_or_handler_auth_signal,route_or_handler_permission_signal,route_or_handler_tenant_signal,false,
,,/api/document-integrations/zoho/disconnect,POST /api/document-integrations/zoho/disconnect,/api/document-integrations/zoho/disconnect,POST,document-integrations-zoho.routes,route_or_handler_tenant_signal,,,,,,,,backend/src/routes/document-integrations-zoho.routes.js,1620,backend/src/app.js,376,true,false,true,route_or_handler_auth_signal,,route_or_handler_tenant_signal,false,
,global_enforce_api_access,/api/document-integrations/providers,GET /api/document-integrations/providers,/api/document-integrations/providers,GET,document-integrations.routes,global_enforce_tenant_request_scope,,,,,,,,backend/src/routes/document-integrations.routes.js,664,backend/src/app.js,400,true,true,true,global_api_auth_middleware,global_enforce_api_access,global_enforce_tenant_request_scope,false,
,global_enforce_api_access,/api/document-integrations/integrations,GET /api/document-integrations/integrations,/api/document-integrations/integrations,GET,document-integrations.routes,global_enforce_tenant_request_scope,,,,,,,,backend/src/routes/document-integrations.routes.js,668,backend/src/app.js,400,true,true,true,global_api_auth_middleware,global_enforce_api_access,global_enforce_tenant_request_scope,false,
,global_enforce_api_access,/api/document-integrations/integrations/prepared,POST /api/document-integrations/integrations/prepared,/api/document-integrations/integrations/prepared,POST,document-integrations.routes,global_enforce_tenant_request_scope,,,,,,,,backend/src/routes/document-integrations.routes.js,702,backend/src/app.js,400,true,true,true,global_api_auth_middleware,global_enforce_api_access,global_enforce_tenant_request_scope,false,
,global_enforce_api_access,/api/document-integrations/integrations/:integrationId/disconnect,POST /api/document-integrations/integrations/:integrationId/disconnect,/api/document-integrations/integrations/:integrationId/disconnect,POST,document-integrations.routes,global_enforce_tenant_request_scope,,,,,,,,backend/src/routes/document-integrations.routes.js,755,backend/src/app.js,400,true,true,true,global_api_auth_middleware,global_enforce_api_access,global_enforce_tenant_request_scope,false,
,global_enforce_api_access,/api/document-integrations/sources,GET /api/document-integrations/sources,/api/document-integrations/sources,GET,document-integrations.routes,global_enforce_tenant_request_scope,,,,,,,,backend/src/routes/document-integrations.routes.js,792,backend/src/app.js,400,true,true,true,global_api_auth_middleware,global_enforce_api_access,global_enforce_tenant_request_scope,false,
,global_enforce_api_access,/api/document-integrations/sources,POST /api/document-integrations/sources,/api/document-integrations/sources,POST,document-integrations.routes,global_enforce_tenant_request_scope,,,,,,,,backend/src/routes/document-integrations.routes.js,820,backend/src/app.js,400,true,true,true,global_api_auth_middleware,global_enforce_api_access,global_enforce_tenant_request_scope,false,
,global_enforce_api_access,/api/document-integrations/sources/:sourceId,GET /api/document-integrations/sources/:sourceId,/api/document-integrations/sources/:sourceId,GET,document-integrations.routes,global_enforce_tenant_request_scope,,,,,,,,backend/src/routes/document-integrations.routes.js,931,backend/src/app.js,400,true,true,true,global_api_auth_middleware,global_enforce_api_access,global_enforce_tenant_request_scope,false,
,global_enforce_api_access,/api/document-integrations/sources/:sourceId,PATCH /api/document-integrations/sources/:sourceId,/api/document-integrations/sources/:sourceId,PATCH,document-integrations.routes,global_enforce_tenant_request_scope,,,,,,,,backend/src/routes/document-integrations.routes.js,945,backend/src/app.js,400,true,true,true,global_api_auth_middleware,global_enforce_api_access,global_enforce_tenant_request_scope,false,
,global_enforce_api_access,/api/document-integrations/sources/:sourceId,DELETE /api/document-integrations/sources/:sourceId,/api/document-integrations/sources/:sourceId,DELETE,document-integrations.routes,global_enforce_tenant_request_scope,,,,,,,,backend/src/routes/document-integrations.routes.js,1001,backend/src/app.js,400,true,true,true,global_api_auth_middleware,global_enforce_api_access,global_enforce_tenant_request_scope,false,
,global_enforce_api_access,/api/document-integrations/sources/:sourceId/documents,GET /api/document-integrations/sources/:sourceId/documents,/api/document-integrations/sources/:sourceId/documents,GET,document-integrations.routes,global_enforce_tenant_request_scope,,,,,,,,backend/src/routes/document-integrations.routes.js,1029,backend/src/app.js,400,true,true,true,global_api_auth_middleware,global_enforce_api_access,global_enforce_tenant_request_scope,false,
,global_enforce_api_access,/api/document-integrations/agents/pairing-codes,POST /api/document-integrations/agents/pairing-codes,/api/document-integrations/agents/pairing-codes,POST,document-integrations.routes,global_enforce_tenant_request_scope,,,,,,,,backend/src/routes/document-integrations.routes.js,1083,backend/src/app.js,400,true,true,true,global_api_auth_middleware,global_enforce_api_access,global_enforce_tenant_request_scope,false,
,global_enforce_api_access,/api/document-integrations/documents,GET /api/document-integrations/documents,/api/document-integrations/documents,GET,document-integrations.routes,global_enforce_tenant_request_scope,,,,,,,,backend/src/routes/document-integrations.routes.js,1166,backend/src/app.js,400,true,true,true,global_api_auth_middleware,global_enforce_api_access,global_enforce_tenant_request_scope,false,
,global_enforce_api_access,/api/document-integrations/documents/:documentId/download,GET /api/document-integrations/documents/:documentId/download,/api/document-integrations/documents/:documentId/download,GET,document-integrations.routes,global_enforce_tenant_request_scope,,,,,,,,backend/src/routes/document-integrations.routes.js,1264,backend/src/app.js,400,true,true,true,global_api_auth_middleware,global_enforce_api_access,global_enforce_tenant_request_scope,false,
,global_enforce_api_access,/api/document-integrations/suggestions,GET /api/document-integrations/suggestions,/api/document-integrations/suggestions,GET,document-integrations.routes,global_enforce_tenant_request_scope,,,,,,,,backend/src/routes/document-integrations.routes.js,1321,backend/src/app.js,400,true,true,true,global_api_auth_middleware,global_enforce_api_access,global_enforce_tenant_request_scope,false,
,global_enforce_api_access,/api/document-integrations/suggestions/:suggestionId/approve,POST /api/document-integrations/suggestions/:suggestionId/approve,/api/document-integrations/suggestions/:suggestionId/approve,POST,document-integrations.routes,global_enforce_tenant_request_scope,,,,,,,,backend/src/routes/document-integrations.routes.js,1357,backend/src/app.js,400,true,true,true,global_api_auth_middleware,global_enforce_api_access,global_enforce_tenant_request_scope,false,
,global_enforce_api_access,/api/document-integrations/suggestions/:suggestionId/create-evidence,POST /api/document-integrations/suggestions/:suggestionId/create-evidence,/api/document-integrations/suggestions/:suggestionId/create-evidence,POST,document-integrations.routes,global_enforce_tenant_request_scope,,,,,,,,backend/src/routes/document-integrations.routes.js,1393,backend/src/app.js,400,true,true,true,global_api_auth_middleware,global_enforce_api_access,global_enforce_tenant_request_scope,false,
,global_enforce_api_access,/api/document-integrations/suggestions/:suggestionId/reject,POST /api/document-integrations/suggestions/:suggestionId/reject,/api/document-integrations/suggestions/:suggestionId/reject,POST,document-integrations.routes,global_enforce_tenant_request_scope,,,,,,,,backend/src/routes/document-integrations.routes.js,1461,backend/src/app.js,400,true,true,true,global_api_auth_middleware,global_enforce_api_access,global_enforce_tenant_request_scope,false,
,global_enforce_api_access,/api/document-integrations/sources/:sourceId/sync,POST /api/document-integrations/sources/:sourceId/sync,/api/document-integrations/sources/:sourceId/sync,POST,document-integrations.routes,global_enforce_tenant_request_scope,,,,,,,,backend/src/routes/document-integrations.routes.js,1496,backend/src/app.js,400,true,true,true,global_api_auth_middleware,global_enforce_api_access,global_enforce_tenant_request_scope,false,
,global_enforce_api_access,/api/document-integrations/sync-logs,GET /api/document-integrations/sync-logs,/api/document-integrations/sync-logs,GET,document-integrations.routes,global_enforce_tenant_request_scope,,,,,,,,backend/src/routes/document-integrations.routes.js,1565,backend/src/app.js,400,true,true,true,global_api_auth_middleware,global_enforce_api_access,global_enforce_tenant_request_scope,false,
,global_enforce_api_access,/api/document-integrations/integrated-evidences,GET /api/document-integrations/integrated-evidences,/api/document-integrations/integrated-evidences,GET,document-integrations.routes,global_enforce_tenant_request_scope,,,,,,,,backend/src/routes/document-integrations.routes.js,1627,backend/src/app.js,400,true,true,true,global_api_auth_middleware,global_enforce_api_access,global_enforce_tenant_request_scope,false,
,global_enforce_api_access,/api/evidence-library/sources,GET /api/evidence-library/sources,/api/evidence-library/sources,GET,evidence-library.routes,global_enforce_tenant_request_scope,,,,,,,,backend/src/routes/evidence-library.routes.js,87,backend/src/app.js,396,true,true,true,global_api_auth_middleware,global_enforce_api_access,global_enforce_tenant_request_scope,false,
,global_enforce_api_access,/api/evidence-library/manual-upload/files,POST /api/evidence-library/manual-upload/files,/api/evidence-library/manual-upload/files,POST,evidence-library.routes,global_enforce_tenant_request_scope,,,,,,,,backend/src/routes/evidence-library.routes.js,96,backend/src/app.js,396,true,true,true,global_api_auth_middleware,global_enforce_api_access,global_enforce_tenant_request_scope,false,
,global_enforce_api_access,/api/evidence-library/manual-upload/zip,POST /api/evidence-library/manual-upload/zip,/api/evidence-library/manual-upload/zip,POST,evidence-library.routes,global_enforce_tenant_request_scope,,,,,,,,backend/src/routes/evidence-library.routes.js,109,backend/src/app.js,396,true,true,true,global_api_auth_middleware,global_enforce_api_access,global_enforce_tenant_request_scope,false,
,global_enforce_api_access,/api/evidence-library/documents,GET /api/evidence-library/documents,/api/evidence-library/documents,GET,evidence-library.routes,global_enforce_tenant_request_scope,,,,,,,,backend/src/routes/evidence-library.routes.js,122,backend/src/app.js,396,true,true,true,global_api_auth_middleware,global_enforce_api_access,global_enforce_tenant_request_scope,false,
,global_enforce_api_access,/api/evidence-library/documents/:sourceType/:sourceId/children,GET /api/evidence-library/documents/:sourceType/:sourceId/children,/api/evidence-library/documents/:sourceType/:sourceId/children,GET,evidence-library.routes,global_enforce_tenant_request_scope,,,,,,,,backend/src/routes/evidence-library.routes.js,131,backend/src/app.js,396,true,true,true,global_api_auth_middleware,global_enforce_api_access,global_enforce_tenant_request_scope,false,
,global_enforce_api_access,/api/evidence-library/index/exclusions,POST /api/evidence-library/index/exclusions,/api/evidence-library/index/exclusions,POST,evidence-library.routes,global_enforce_tenant_request_scope,,,,,,,,backend/src/routes/evidence-library.routes.js,145,backend/src/app.js,396,true,true,true,global_api_auth_middleware,global_enforce_api_access,global_enforce_tenant_request_scope,false,
,global_enforce_api_access,/api/evidence-library/index/restore,POST /api/evidence-library/index/restore,/api/evidence-library/index/restore,POST,evidence-library.routes,global_enforce_tenant_request_scope,,,,,,,,backend/src/routes/evidence-library.routes.js,157,backend/src/app.js,396,true,true,true,global_api_auth_middleware,global_enforce_api_access,global_enforce_tenant_request_scope,false,
,global_enforce_api_access,/api/evidence-library/documents/:sourceType/:sourceId,GET /api/evidence-library/documents/:sourceType/:sourceId,/api/evidence-library/documents/:sourceType/:sourceId,GET,evidence-library.routes,global_enforce_tenant_request_scope,,,,,,,,backend/src/routes/evidence-library.routes.js,169,backend/src/app.js,396,true,true,true,global_api_auth_middleware,global_enforce_api_access,global_enforce_tenant_request_scope,false,
,global_enforce_api_access,/api/evidence-library/associations,GET /api/evidence-library/associations,/api/evidence-library/associations,GET,evidence-library.routes,global_enforce_tenant_request_scope,,,,,,,,backend/src/routes/evidence-library.routes.js,182,backend/src/app.js,396,true,true,true,global_api_auth_middleware,global_enforce_api_access,global_enforce_tenant_request_scope,false,
,global_enforce_api_access,/api/evidence-library/associations,POST /api/evidence-library/associations,/api/evidence-library/associations,POST,evidence-library.routes,global_enforce_tenant_request_scope,,,,,,,,backend/src/routes/evidence-library.routes.js,191,backend/src/app.js,396,true,true,true,global_api_auth_middleware,global_enforce_api_access,global_enforce_tenant_request_scope,false,
,global_enforce_api_access,/api/evidence-library/associations/:id/deactivate,PATCH /api/evidence-library/associations/:id/deactivate,/api/evidence-library/associations/:id/deactivate,PATCH,evidence-library.routes,global_enforce_tenant_request_scope,,,,,,,,backend/src/routes/evidence-library.routes.js,200,backend/src/app.js,396,true,true,true,global_api_auth_middleware,global_enforce_api_access,global_enforce_tenant_request_scope,false,
,global_enforce_api_access,/api/evidence-library/associations/:id/reactivate,PATCH /api/evidence-library/associations/:id/reactivate,/api/evidence-library/associations/:id/reactivate,PATCH,evidence-library.routes,global_enforce_tenant_request_scope,,,,,,,,backend/src/routes/evidence-library.routes.js,209,backend/src/app.js,396,true,true,true,global_api_auth_middleware,global_enforce_api_access,global_enforce_tenant_request_scope,false,
,global_enforce_api_access,/api/evidence-library/targets/:targetType,GET /api/evidence-library/targets/:targetType,/api/evidence-library/targets/:targetType,GET,evidence-library.routes,global_enforce_tenant_request_scope,,,,,,,,backend/src/routes/evidence-library.routes.js,218,backend/src/app.js,396,true,true,true,global_api_auth_middleware,global_enforce_api_access,global_enforce_tenant_request_scope,false,
,global_enforce_api_access,/api/evidence-library/semantic/analyze,POST /api/evidence-library/semantic/analyze,/api/evidence-library/semantic/analyze,POST,evidence-library.routes,global_enforce_tenant_request_scope,,,,,,,,backend/src/routes/evidence-library.routes.js,231,backend/src/app.js,396,true,true,true,global_api_auth_middleware,global_enforce_api_access,global_enforce_tenant_request_scope,false,
,global_enforce_api_access,/api/evidence-library/semantic/suggestions/:id/accept,POST /api/evidence-library/semantic/suggestions/:id/accept,/api/evidence-library/semantic/suggestions/:id/accept,POST,evidence-library.routes,global_enforce_tenant_request_scope,,,,,,,,backend/src/routes/evidence-library.routes.js,245,backend/src/app.js,396,true,true,true,global_api_auth_middleware,global_enforce_api_access,global_enforce_tenant_request_scope,false,
,global_enforce_api_access,/api/evidence-library/semantic/suggestions/:id/reject,POST /api/evidence-library/semantic/suggestions/:id/reject,/api/evidence-library/semantic/suggestions/:id/reject,POST,evidence-library.routes,global_enforce_tenant_request_scope,,,,,,,,backend/src/routes/evidence-library.routes.js,254,backend/src/app.js,396,true,true,true,global_api_auth_middleware,global_enforce_api_access,global_enforce_tenant_request_scope,false,
,global_enforce_api_access,/api/evidences/upload,POST /api/evidences/upload,/api/evidences/upload,POST,evidences.routes,global_enforce_tenant_request_scope,,,,,,,,backend/src/routes/evidences.routes.js,721,backend/src/app.js,395,true,true,true,global_api_auth_middleware,global_enforce_api_access,global_enforce_tenant_request_scope,false,
,global_enforce_api_access,/api/evidences/validate/:id,PUT /api/evidences/validate/:id,/api/evidences/validate/:id,PUT,evidences.routes,global_enforce_tenant_request_scope,,,,,,,,backend/src/routes/evidences.routes.js,857,backend/src/app.js,395,true,true,true,global_api_auth_middleware,global_enforce_api_access,global_enforce_tenant_request_scope,false,
,global_enforce_api_access,/api/evidences/reprocess-ai/:id,POST /api/evidences/reprocess-ai/:id,/api/evidences/reprocess-ai/:id,POST,evidences.routes,global_enforce_tenant_request_scope,,,,,,,,backend/src/routes/evidences.routes.js,922,backend/src/app.js,395,true,true,true,global_api_auth_middleware,global_enforce_api_access,global_enforce_tenant_request_scope,false,
,global_enforce_api_access,/api/evidences/jobs/process-next,POST /api/evidences/jobs/process-next,/api/evidences/jobs/process-next,POST,evidences.routes,global_enforce_tenant_request_scope,,,,,,,,backend/src/routes/evidences.routes.js,982,backend/src/app.js,395,true,true,true,global_api_auth_middleware,global_enforce_api_access,global_enforce_tenant_request_scope,false,
,global_enforce_api_access,/api/evidences/jobs/:tenant_id,GET /api/evidences/jobs/:tenant_id,/api/evidences/jobs/:tenant_id,GET,evidences.routes,global_enforce_tenant_request_scope,,,,,,,,backend/src/routes/evidences.routes.js,1007,backend/src/app.js,395,true,true,true,global_api_auth_middleware,global_enforce_api_access,global_enforce_tenant_request_scope,false,
,global_enforce_api_access,/api/evidences/approve/:id,PUT /api/evidences/approve/:id,/api/evidences/approve/:id,PUT,evidences.routes,global_enforce_tenant_request_scope,,,,,,,,backend/src/routes/evidences.routes.js,1043,backend/src/app.js,395,true,true,true,global_api_auth_middleware,global_enforce_api_access,global_enforce_tenant_request_scope,false,
,global_enforce_api_access,/api/evidences/file/:id,GET /api/evidences/file/:id,/api/evidences/file/:id,GET,evidences.routes,global_enforce_tenant_request_scope,,,,,,,,backend/src/routes/evidences.routes.js,1139,backend/src/app.js,395,true,true,true,global_api_auth_middleware,global_enforce_api_access,global_enforce_tenant_request_scope,false,
,global_enforce_api_access,/api/evidences/:id/mark-official,POST /api/evidences/:id/mark-official,/api/evidences/:id/mark-official,POST,evidences.routes,global_enforce_tenant_request_scope,,,,,,,,backend/src/routes/evidences.routes.js,1196,backend/src/app.js,395,true,true,true,global_api_auth_middleware,global_enforce_api_access,global_enforce_tenant_request_scope,false,
,global_enforce_api_access,/api/evidences/:id/ai-review,POST /api/evidences/:id/ai-review,/api/evidences/:id/ai-review,POST,evidences.routes,global_enforce_tenant_request_scope,,,,,,,,backend/src/routes/evidences.routes.js,1329,backend/src/app.js,395,true,true,true,global_api_auth_middleware,global_enforce_api_access,global_enforce_tenant_request_scope,false,
,global_enforce_api_access,/api/evidences/:tenant_id,GET /api/evidences/:tenant_id,/api/evidences/:tenant_id,GET,evidences.routes,global_enforce_tenant_request_scope,,,,audit-signal,,,,backend/src/routes/evidences.routes.js,1394,backend/src/app.js,395,true,true,true,global_api_auth_middleware,global_enforce_api_access,global_enforce_tenant_request_scope,false,
,global_enforce_api_access,/api/findings/controls/:tenant_id,GET /api/findings/controls/:tenant_id,/api/findings/controls/:tenant_id,GET,findings.routes,global_enforce_tenant_request_scope,,,,audit-signal,,,,backend/src/routes/findings.routes.js,475,backend/src/app.js,415,true,true,true,global_api_auth_middleware,global_enforce_api_access,global_enforce_tenant_request_scope,false,
,global_enforce_api_access,/api/findings/:id/ai-review,POST /api/findings/:id/ai-review,/api/findings/:id/ai-review,POST,findings.routes,global_enforce_tenant_request_scope,,,,,,,,backend/src/routes/findings.routes.js,559,backend/src/app.js,415,true,true,true,global_api_auth_middleware,global_enforce_api_access,global_enforce_tenant_request_scope,false,
,global_enforce_api_access,/api/findings/:tenant_id,GET /api/findings/:tenant_id,/api/findings/:tenant_id,GET,findings.routes,global_enforce_tenant_request_scope,,,,audit-signal,,,,backend/src/routes/findings.routes.js,627,backend/src/app.js,415,true,true,true,global_api_auth_middleware,global_enforce_api_access,global_enforce_tenant_request_scope,false,
,global_enforce_api_access,/api/findings,POST /api/findings,/api/findings,POST,findings.routes,global_enforce_tenant_request_scope,,,,audit-signal,,,,backend/src/routes/findings.routes.js,706,backend/src/app.js,415,true,true,true,global_api_auth_middleware,global_enforce_api_access,global_enforce_tenant_request_scope,false,
,global_enforce_api_access,/api/findings/:id,PUT /api/findings/:id,/api/findings/:id,PUT,findings.routes,global_enforce_tenant_request_scope,,,,audit-signal,,,,backend/src/routes/findings.routes.js,965,backend/src/app.js,415,true,true,true,global_api_auth_middleware,global_enforce_api_access,global_enforce_tenant_request_scope,false,
,global_enforce_api_access,/api/findings/:id,DELETE /api/findings/:id,/api/findings/:id,DELETE,findings.routes,global_enforce_tenant_request_scope,,,,,,,,backend/src/routes/findings.routes.js,1129,backend/src/app.js,415,true,true,true,global_api_auth_middleware,global_enforce_api_access,global_enforce_tenant_request_scope,false,
,global_enforce_api_access,/api/findings/:id/create-action,POST /api/findings/:id/create-action,/api/findings/:id/create-action,POST,findings.routes,global_enforce_tenant_request_scope,,,,,,,,backend/src/routes/findings.routes.js,1168,backend/src/app.js,415,true,true,true,global_api_auth_middleware,global_enforce_api_access,global_enforce_tenant_request_scope,false,
,global_enforce_api_access,/health/summary,GET /health/summary,/health/summary,GET,health,route_or_handler_tenant_signal,,,,,,,,backend/src/routes/health.js,336,backend/src/app.js,418,true,true,true,global_api_auth_middleware,global_enforce_api_access,route_or_handler_tenant_signal,false,
,global_enforce_api_access,/api/health/summary,GET /api/health/summary,/api/health/summary,GET,health,global_enforce_tenant_request_scope,,,,,,,,backend/src/routes/health.js,336,backend/src/app.js,419,true,true,true,global_api_auth_middleware,global_enforce_api_access,global_enforce_tenant_request_scope,false,
,global_enforce_api_access,/health/processes,GET /health/processes,/health/processes,GET,health,route_or_handler_tenant_signal,,,,,,,,backend/src/routes/health.js,358,backend/src/app.js,418,true,true,true,global_api_auth_middleware,global_enforce_api_access,route_or_handler_tenant_signal,false,
,global_enforce_api_access,/api/health/processes,GET /api/health/processes,/api/health/processes,GET,health,global_enforce_tenant_request_scope,,,,,,,,backend/src/routes/health.js,358,backend/src/app.js,419,true,true,true,global_api_auth_middleware,global_enforce_api_access,global_enforce_tenant_request_scope,false,
,global_enforce_api_access,/health/process-detail,GET /health/process-detail,/health/process-detail,GET,health,route_or_handler_tenant_signal,,,,,,,,backend/src/routes/health.js,385,backend/src/app.js,418,true,true,true,global_api_auth_middleware,global_enforce_api_access,route_or_handler_tenant_signal,false,
,global_enforce_api_access,/api/health/process-detail,GET /api/health/process-detail,/api/health/process-detail,GET,health,global_enforce_tenant_request_scope,,,,,,,,backend/src/routes/health.js,385,backend/src/app.js,419,true,true,true,global_api_auth_middleware,global_enforce_api_access,global_enforce_tenant_request_scope,false,
,global_enforce_api_access,/health/dashboard,GET /health/dashboard,/health/dashboard,GET,health,route_or_handler_tenant_signal,,,,,,,,backend/src/routes/health.js,409,backend/src/app.js,418,true,true,true,global_api_auth_middleware,global_enforce_api_access,route_or_handler_tenant_signal,false,
,global_enforce_api_access,/api/health/dashboard,GET /api/health/dashboard,/api/health/dashboard,GET,health,global_enforce_tenant_request_scope,,,,,,,,backend/src/routes/health.js,409,backend/src/app.js,419,true,true,true,global_api_auth_middleware,global_enforce_api_access,global_enforce_tenant_request_scope,false,
,global_enforce_api_access,/health/standards,GET /health/standards,/health/standards,GET,health,route_or_handler_tenant_signal,,,,,,,,backend/src/routes/health.js,467,backend/src/app.js,418,true,true,true,global_api_auth_middleware,global_enforce_api_access,route_or_handler_tenant_signal,false,
,global_enforce_api_access,/api/health/standards,GET /api/health/standards,/api/health/standards,GET,health,global_enforce_tenant_request_scope,,,,,,,,backend/src/routes/health.js,467,backend/src/app.js,419,true,true,true,global_api_auth_middleware,global_enforce_api_access,global_enforce_tenant_request_scope,false,
,global_enforce_api_access,/health/kpis,GET /health/kpis,/health/kpis,GET,health,route_or_handler_tenant_signal,,,,,,,,backend/src/routes/health.js,544,backend/src/app.js,418,true,true,true,global_api_auth_middleware,global_enforce_api_access,route_or_handler_tenant_signal,false,
,global_enforce_api_access,/api/health/kpis,GET /api/health/kpis,/api/health/kpis,GET,health,global_enforce_tenant_request_scope,,,,,,,,backend/src/routes/health.js,544,backend/src/app.js,419,true,true,true,global_api_auth_middleware,global_enforce_api_access,global_enforce_tenant_request_scope,false,
,global_enforce_api_access,/health/controls-risk,GET /health/controls-risk,/health/controls-risk,GET,health,route_or_handler_tenant_signal,,,,,,,,backend/src/routes/health.js,609,backend/src/app.js,418,true,true,true,global_api_auth_middleware,global_enforce_api_access,route_or_handler_tenant_signal,false,
,global_enforce_api_access,/api/health/controls-risk,GET /api/health/controls-risk,/api/health/controls-risk,GET,health,global_enforce_tenant_request_scope,,,,,,,,backend/src/routes/health.js,609,backend/src/app.js,419,true,true,true,global_api_auth_middleware,global_enforce_api_access,global_enforce_tenant_request_scope,false,
,global_enforce_api_access,/health/root-causes,GET /health/root-causes,/health/root-causes,GET,health,route_or_handler_tenant_signal,,,,,,,,backend/src/routes/health.js,711,backend/src/app.js,418,true,true,true,global_api_auth_middleware,global_enforce_api_access,route_or_handler_tenant_signal,false,
,global_enforce_api_access,/api/health/root-causes,GET /api/health/root-causes,/api/health/root-causes,GET,health,global_enforce_tenant_request_scope,,,,,,,,backend/src/routes/health.js,711,backend/src/app.js,419,true,true,true,global_api_auth_middleware,global_enforce_api_access,global_enforce_tenant_request_scope,false,
,global_enforce_api_access,/health/root-causes/standards,GET /health/root-causes/standards,/health/root-causes/standards,GET,health,route_or_handler_tenant_signal,,,,,,,,backend/src/routes/health.js,755,backend/src/app.js,418,true,true,true,global_api_auth_middleware,global_enforce_api_access,route_or_handler_tenant_signal,false,
,global_enforce_api_access,/api/health/root-causes/standards,GET /api/health/root-causes/standards,/api/health/root-causes/standards,GET,health,global_enforce_tenant_request_scope,,,,,,,,backend/src/routes/health.js,755,backend/src/app.js,419,true,true,true,global_api_auth_middleware,global_enforce_api_access,global_enforce_tenant_request_scope,false,
,global_enforce_api_access,/health/remediation-summary,GET /health/remediation-summary,/health/remediation-summary,GET,health,route_or_handler_tenant_signal,,,,,,,,backend/src/routes/health.js,819,backend/src/app.js,418,true,true,true,global_api_auth_middleware,global_enforce_api_access,route_or_handler_tenant_signal,false,
,global_enforce_api_access,/api/health/remediation-summary,GET /api/health/remediation-summary,/api/health/remediation-summary,GET,health,global_enforce_tenant_request_scope,,,,,,,,backend/src/routes/health.js,819,backend/src/app.js,419,true,true,true,global_api_auth_middleware,global_enforce_api_access,global_enforce_tenant_request_scope,false,
,global_enforce_api_access,/health/remediation-summary/standards,GET /health/remediation-summary/standards,/health/remediation-summary/standards,GET,health,route_or_handler_tenant_signal,,,,,,,,backend/src/routes/health.js,865,backend/src/app.js,418,true,true,true,global_api_auth_middleware,global_enforce_api_access,route_or_handler_tenant_signal,false,
,global_enforce_api_access,/api/health/remediation-summary/standards,GET /api/health/remediation-summary/standards,/api/health/remediation-summary/standards,GET,health,global_enforce_tenant_request_scope,,,,,,,,backend/src/routes/health.js,865,backend/src/app.js,419,true,true,true,global_api_auth_middleware,global_enforce_api_access,global_enforce_tenant_request_scope,false,
,global_enforce_api_access,/health/remediation-plan,GET /health/remediation-plan,/health/remediation-plan,GET,health,route_or_handler_tenant_signal,,,,,,,,backend/src/routes/health.js,931,backend/src/app.js,418,true,true,true,global_api_auth_middleware,global_enforce_api_access,route_or_handler_tenant_signal,false,
,global_enforce_api_access,/api/health/remediation-plan,GET /api/health/remediation-plan,/api/health/remediation-plan,GET,health,global_enforce_tenant_request_scope,,,,,,,,backend/src/routes/health.js,931,backend/src/app.js,419,true,true,true,global_api_auth_middleware,global_enforce_api_access,global_enforce_tenant_request_scope,false,
,global_enforce_api_access,/health/remediation-executive,GET /health/remediation-executive,/health/remediation-executive,GET,health,route_or_handler_tenant_signal,,,,,,,,backend/src/routes/health.js,1013,backend/src/app.js,418,true,true,true,global_api_auth_middleware,global_enforce_api_access,route_or_handler_tenant_signal,false,
,global_enforce_api_access,/api/health/remediation-executive,GET /api/health/remediation-executive,/api/health/remediation-executive,GET,health,global_enforce_tenant_request_scope,,,,,,,,backend/src/routes/health.js,1013,backend/src/app.js,419,true,true,true,global_api_auth_middleware,global_enforce_api_access,global_enforce_tenant_request_scope,false,
,global_enforce_api_access,/health/remediation-executive/standards,GET /health/remediation-executive/standards,/health/remediation-executive/standards,GET,health,route_or_handler_tenant_signal,,,,,,,,backend/src/routes/health.js,1059,backend/src/app.js,418,true,true,true,global_api_auth_middleware,global_enforce_api_access,route_or_handler_tenant_signal,false,
,global_enforce_api_access,/api/health/remediation-executive/standards,GET /api/health/remediation-executive/standards,/api/health/remediation-executive/standards,GET,health,global_enforce_tenant_request_scope,,,,,,,,backend/src/routes/health.js,1059,backend/src/app.js,419,true,true,true,global_api_auth_middleware,global_enforce_api_access,global_enforce_tenant_request_scope,false,
,global_enforce_api_access,/health/evidence-approval-queue,GET /health/evidence-approval-queue,/health/evidence-approval-queue,GET,health,route_or_handler_tenant_signal,,,,,,,,backend/src/routes/health.js,1125,backend/src/app.js,418,true,true,true,global_api_auth_middleware,global_enforce_api_access,route_or_handler_tenant_signal,false,
,global_enforce_api_access,/api/health/evidence-approval-queue,GET /api/health/evidence-approval-queue,/api/health/evidence-approval-queue,GET,health,global_enforce_tenant_request_scope,,,,,,,,backend/src/routes/health.js,1125,backend/src/app.js,419,true,true,true,global_api_auth_middleware,global_enforce_api_access,global_enforce_tenant_request_scope,false,
,global_enforce_api_access,/health/controls-recovered,GET /health/controls-recovered,/health/controls-recovered,GET,health,route_or_handler_tenant_signal,,,,,,,,backend/src/routes/health.js,1195,backend/src/app.js,418,true,true,true,global_api_auth_middleware,global_enforce_api_access,route_or_handler_tenant_signal,false,
,global_enforce_api_access,/api/health/controls-recovered,GET /api/health/controls-recovered,/api/health/controls-recovered,GET,health,global_enforce_tenant_request_scope,,,,,,,,backend/src/routes/health.js,1195,backend/src/app.js,419,true,true,true,global_api_auth_middleware,global_enforce_api_access,global_enforce_tenant_request_scope,false,
,global_enforce_api_access,/health/audit-log,GET /health/audit-log,/health/audit-log,GET,health,route_or_handler_tenant_signal,,,,audit-signal,,,,backend/src/routes/health.js,1265,backend/src/app.js,418,true,true,true,global_api_auth_middleware,global_enforce_api_access,route_or_handler_tenant_signal,false,
,global_enforce_api_access,/api/health/audit-log,GET /api/health/audit-log,/api/health/audit-log,GET,health,global_enforce_tenant_request_scope,,,,audit-signal,,,,backend/src/routes/health.js,1265,backend/src/app.js,419,true,true,true,global_api_auth_middleware,global_enforce_api_access,global_enforce_tenant_request_scope,false,
,global_enforce_api_access,/health/audit-log/action-plans,GET /health/audit-log/action-plans,/health/audit-log/action-plans,GET,health,route_or_handler_tenant_signal,,,,audit-signal,,,,backend/src/routes/health.js,1331,backend/src/app.js,418,true,true,true,global_api_auth_middleware,global_enforce_api_access,route_or_handler_tenant_signal,false,
,global_enforce_api_access,/api/health/audit-log/action-plans,GET /api/health/audit-log/action-plans,/api/health/audit-log/action-plans,GET,health,global_enforce_tenant_request_scope,,,,audit-signal,,,,backend/src/routes/health.js,1331,backend/src/app.js,419,true,true,true,global_api_auth_middleware,global_enforce_api_access,global_enforce_tenant_request_scope,false,
,global_enforce_api_access,/health/audit-log/evidences,GET /health/audit-log/evidences,/health/audit-log/evidences,GET,health,route_or_handler_tenant_signal,,,,audit-signal,,,,backend/src/routes/health.js,1391,backend/src/app.js,418,true,true,true,global_api_auth_middleware,global_enforce_api_access,route_or_handler_tenant_signal,false,
,global_enforce_api_access,/api/health/audit-log/evidences,GET /api/health/audit-log/evidences,/api/health/audit-log/evidences,GET,health,global_enforce_tenant_request_scope,,,,audit-signal,,,,backend/src/routes/health.js,1391,backend/src/app.js,419,true,true,true,global_api_auth_middleware,global_enforce_api_access,global_enforce_tenant_request_scope,false,
,global_enforce_api_access,/health/audit-log/control-recovery,GET /health/audit-log/control-recovery,/health/audit-log/control-recovery,GET,health,route_or_handler_tenant_signal,,,,audit-signal,,,,backend/src/routes/health.js,1451,backend/src/app.js,418,true,true,true,global_api_auth_middleware,global_enforce_api_access,route_or_handler_tenant_signal,false,
,global_enforce_api_access,/api/health/audit-log/control-recovery,GET /api/health/audit-log/control-recovery,/api/health/audit-log/control-recovery,GET,health,global_enforce_tenant_request_scope,,,,audit-signal,,,,backend/src/routes/health.js,1451,backend/src/app.js,419,true,true,true,global_api_auth_middleware,global_enforce_api_access,global_enforce_tenant_request_scope,false,
,global_enforce_api_access,/health/remediation-plan/create-action,POST /health/remediation-plan/create-action,/health/remediation-plan/create-action,POST,health,route_or_handler_tenant_signal,,,,audit-signal,,,,backend/src/routes/health.js,1511,backend/src/app.js,418,true,true,true,global_api_auth_middleware,global_enforce_api_access,route_or_handler_tenant_signal,false,
,global_enforce_api_access,/api/health/remediation-plan/create-action,POST /api/health/remediation-plan/create-action,/api/health/remediation-plan/create-action,POST,health,global_enforce_tenant_request_scope,,,,audit-signal,,,,backend/src/routes/health.js,1511,backend/src/app.js,419,true,true,true,global_api_auth_middleware,global_enforce_api_access,global_enforce_tenant_request_scope,false,
,global_enforce_api_access,/health/refresh,POST /health/refresh,/health/refresh,POST,health,route_or_handler_tenant_signal,,,,,,,,backend/src/routes/health.js,1732,backend/src/app.js,418,true,true,true,global_api_auth_middleware,global_enforce_api_access,route_or_handler_tenant_signal,false,
,global_enforce_api_access,/api/health/refresh,POST /api/health/refresh,/api/health/refresh,POST,health,global_enforce_tenant_request_scope,,,,,,,,backend/src/routes/health.js,1732,backend/src/app.js,419,true,true,true,global_api_auth_middleware,global_enforce_api_access,global_enforce_tenant_request_scope,false,
,global_enforce_api_access,/api/intelligence/brief/:tenantId,GET /api/intelligence/brief/:tenantId,/api/intelligence/brief/:tenantId,GET,intelligence.routes,global_enforce_tenant_request_scope,,,,,,,,backend/src/routes/intelligence.routes.js,20,backend/src/app.js,448,true,true,true,global_api_auth_middleware,global_enforce_api_access,global_enforce_tenant_request_scope,false,
,global_enforce_api_access,/api/iso-auditor/preview,GET /api/iso-auditor/preview,/api/iso-auditor/preview,GET,iso-auditor.routes,global_enforce_tenant_request_scope,,,,audit-signal,,,,backend/src/routes/iso-auditor.routes.js,29,backend/src/app.js,443,true,true,true,global_api_auth_middleware,global_enforce_api_access,global_enforce_tenant_request_scope,false,
,global_enforce_api_access,/api/iso-command-center/summary,GET /api/iso-command-center/summary,/api/iso-command-center/summary,GET,iso-command-center.routes,global_enforce_tenant_request_scope,,,,,,,,backend/src/routes/iso-command-center.routes.js,38,backend/src/app.js,442,true,true,true,global_api_auth_middleware,global_enforce_api_access,global_enforce_tenant_request_scope,false,
,global_enforce_api_access,/api/iso-command-center/unified,GET /api/iso-command-center/unified,/api/iso-command-center/unified,GET,iso-command-center.routes,global_enforce_tenant_request_scope,,,,,,,,backend/src/routes/iso-command-center.routes.js,47,backend/src/app.js,442,true,true,true,global_api_auth_middleware,global_enforce_api_access,global_enforce_tenant_request_scope,false,
,global_enforce_api_access,/api/iso-command-center/standards,GET /api/iso-command-center/standards,/api/iso-command-center/standards,GET,iso-command-center.routes,global_enforce_tenant_request_scope,,,,,,,,backend/src/routes/iso-command-center.routes.js,56,backend/src/app.js,442,true,true,true,global_api_auth_middleware,global_enforce_api_access,global_enforce_tenant_request_scope,false,
,global_enforce_api_access,/api/iso-command-center/standards/:standard_code/:version_code,GET /api/iso-command-center/standards/:standard_code/:version_code,/api/iso-command-center/standards/:standard_code/:version_code,GET,iso-command-center.routes,global_enforce_tenant_request_scope,,,,,,,,backend/src/routes/iso-command-center.routes.js,65,backend/src/app.js,442,true,true,true,global_api_auth_middleware,global_enforce_api_access,global_enforce_tenant_request_scope,false,
,global_enforce_api_access,/api/iso-command-center/readiness,GET /api/iso-command-center/readiness,/api/iso-command-center/readiness,GET,iso-command-center.routes,global_enforce_tenant_request_scope,,,,,,,,backend/src/routes/iso-command-center.routes.js,79,backend/src/app.js,442,true,true,true,global_api_auth_middleware,global_enforce_api_access,global_enforce_tenant_request_scope,false,
,global_enforce_api_access,/api/iso-command-center/activity,GET /api/iso-command-center/activity,/api/iso-command-center/activity,GET,iso-command-center.routes,global_enforce_tenant_request_scope,,,,,,,,backend/src/routes/iso-command-center.routes.js,88,backend/src/app.js,442,true,true,true,global_api_auth_middleware,global_enforce_api_access,global_enforce_tenant_request_scope,false,
,global_enforce_api_access,/api/iso-control-mapping/coverage,GET /api/iso-control-mapping/coverage,/api/iso-control-mapping/coverage,GET,iso-control-mapping.routes,global_enforce_tenant_request_scope,,,,,,,,backend/src/routes/iso-control-mapping.routes.js,78,backend/src/app.js,435,true,true,true,global_api_auth_middleware,global_enforce_api_access,global_enforce_tenant_request_scope,false,
,global_enforce_api_access,/api/iso-control-mapping/unlinked-iso-controls,GET /api/iso-control-mapping/unlinked-iso-controls,/api/iso-control-mapping/unlinked-iso-controls,GET,iso-control-mapping.routes,global_enforce_tenant_request_scope,,,,,,,,backend/src/routes/iso-control-mapping.routes.js,90,backend/src/app.js,435,true,true,true,global_api_auth_middleware,global_enforce_api_access,global_enforce_tenant_request_scope,false,
,global_enforce_api_access,/api/iso-control-mapping/unlinked-catalog-controls,GET /api/iso-control-mapping/unlinked-catalog-controls,/api/iso-control-mapping/unlinked-catalog-controls,GET,iso-control-mapping.routes,global_enforce_tenant_request_scope,,,,,,,,backend/src/routes/iso-control-mapping.routes.js,102,backend/src/app.js,435,true,true,true,global_api_auth_middleware,global_enforce_api_access,global_enforce_tenant_request_scope,false,
,global_enforce_api_access,/api/iso-control-mapping/catalog-links,GET /api/iso-control-mapping/catalog-links,/api/iso-control-mapping/catalog-links,GET,iso-control-mapping.routes,global_enforce_tenant_request_scope,,,,,,,,backend/src/routes/iso-control-mapping.routes.js,114,backend/src/app.js,435,true,true,true,global_api_auth_middleware,global_enforce_api_access,global_enforce_tenant_request_scope,false,
,global_enforce_api_access,/api/iso-control-mapping/suggestions,GET /api/iso-control-mapping/suggestions,/api/iso-control-mapping/suggestions,GET,iso-control-mapping.routes,global_enforce_tenant_request_scope,,,,,,,,backend/src/routes/iso-control-mapping.routes.js,128,backend/src/app.js,435,true,true,true,global_api_auth_middleware,global_enforce_api_access,global_enforce_tenant_request_scope,false,
,global_enforce_api_access,/api/iso-control-mapping/review-queue,GET /api/iso-control-mapping/review-queue,/api/iso-control-mapping/review-queue,GET,iso-control-mapping.routes,global_enforce_tenant_request_scope,,,,,,,,backend/src/routes/iso-control-mapping.routes.js,146,backend/src/app.js,435,true,true,true,global_api_auth_middleware,global_enforce_api_access,global_enforce_tenant_request_scope,false,
,global_enforce_api_access,/api/iso-control-mapping/application-summary,GET /api/iso-control-mapping/application-summary,/api/iso-control-mapping/application-summary,GET,iso-control-mapping.routes,global_enforce_tenant_request_scope,,,,,,,,backend/src/routes/iso-control-mapping.routes.js,166,backend/src/app.js,435,true,true,true,global_api_auth_middleware,global_enforce_api_access,global_enforce_tenant_request_scope,false,
,global_enforce_api_access,/api/iso-control-mapping/apply-suggestions,POST /api/iso-control-mapping/apply-suggestions,/api/iso-control-mapping/apply-suggestions,POST,iso-control-mapping.routes,global_enforce_tenant_request_scope,,,,,,,,backend/src/routes/iso-control-mapping.routes.js,177,backend/src/app.js,435,true,true,true,global_api_auth_middleware,global_enforce_api_access,global_enforce_tenant_request_scope,false,
,global_enforce_api_access,/api/iso-control-mapping/sync-status,GET /api/iso-control-mapping/sync-status,/api/iso-control-mapping/sync-status,GET,iso-control-mapping.routes,global_enforce_tenant_request_scope,,,,,,,,backend/src/routes/iso-control-mapping.routes.js,209,backend/src/app.js,435,true,true,true,global_api_auth_middleware,global_enforce_api_access,global_enforce_tenant_request_scope,false,
,global_enforce_api_access,/api/iso-document-generator/:tenantId/options,GET /api/iso-document-generator/:tenantId/options,/api/iso-document-generator/:tenantId/options,GET,iso-document-generator.routes,global_enforce_tenant_request_scope,,,,,,,,backend/src/routes/iso-document-generator.routes.js,29,backend/src/app.js,437,true,true,true,global_api_auth_middleware,global_enforce_api_access,global_enforce_tenant_request_scope,false,
,global_enforce_api_access,/api/iso-document-generator/:tenantId/templates,GET /api/iso-document-generator/:tenantId/templates,/api/iso-document-generator/:tenantId/templates,GET,iso-document-generator.routes,global_enforce_tenant_request_scope,,,,,,,,backend/src/routes/iso-document-generator.routes.js,45,backend/src/app.js,437,true,true,true,global_api_auth_middleware,global_enforce_api_access,global_enforce_tenant_request_scope,false,
,global_enforce_api_access,/api/iso-document-generator/:tenantId/documents,GET /api/iso-document-generator/:tenantId/documents,/api/iso-document-generator/:tenantId/documents,GET,iso-document-generator.routes,global_enforce_tenant_request_scope,,,,,,,,backend/src/routes/iso-document-generator.routes.js,60,backend/src/app.js,437,true,true,true,global_api_auth_middleware,global_enforce_api_access,global_enforce_tenant_request_scope,false,
,global_enforce_api_access,/api/iso-document-generator/:tenantId/summary,GET /api/iso-document-generator/:tenantId/summary,/api/iso-document-generator/:tenantId/summary,GET,iso-document-generator.routes,global_enforce_tenant_request_scope,,,,,,,,backend/src/routes/iso-document-generator.routes.js,76,backend/src/app.js,437,true,true,true,global_api_auth_middleware,global_enforce_api_access,global_enforce_tenant_request_scope,false,
,global_enforce_api_access,/api/iso-document-generator/:tenantId/generate,POST /api/iso-document-generator/:tenantId/generate,/api/iso-document-generator/:tenantId/generate,POST,iso-document-generator.routes,global_enforce_tenant_request_scope,,,,,,,,backend/src/routes/iso-document-generator.routes.js,87,backend/src/app.js,437,true,true,true,global_api_auth_middleware,global_enforce_api_access,global_enforce_tenant_request_scope,false,
,global_enforce_api_access,/api/iso-document-generator/:tenantId/documents/:documentId,GET /api/iso-document-generator/:tenantId/documents/:documentId,/api/iso-document-generator/:tenantId/documents/:documentId,GET,iso-document-generator.routes,global_enforce_tenant_request_scope,,,,,,,,backend/src/routes/iso-document-generator.routes.js,103,backend/src/app.js,437,true,true,true,global_api_auth_middleware,global_enforce_api_access,global_enforce_tenant_request_scope,false,
,global_enforce_api_access,/api/iso-document-generator/:tenantId/documents/:documentId/regenerate,POST /api/iso-document-generator/:tenantId/documents/:documentId/regenerate,/api/iso-document-generator/:tenantId/documents/:documentId/regenerate,POST,iso-document-generator.routes,global_enforce_tenant_request_scope,,,,,,,,backend/src/routes/iso-document-generator.routes.js,116,backend/src/app.js,437,true,true,true,global_api_auth_middleware,global_enforce_api_access,global_enforce_tenant_request_scope,false,
,global_enforce_api_access,/api/iso-document-generator/:tenantId/documents/:documentId/archive,POST /api/iso-document-generator/:tenantId/documents/:documentId/archive,/api/iso-document-generator/:tenantId/documents/:documentId/archive,POST,iso-document-generator.routes,global_enforce_tenant_request_scope,,,,,,,,backend/src/routes/iso-document-generator.routes.js,133,backend/src/app.js,437,true,true,true,global_api_auth_middleware,global_enforce_api_access,global_enforce_tenant_request_scope,false,
,global_enforce_api_access,/api/iso-express-diagnostic/options/:tenantId,GET /api/iso-express-diagnostic/options/:tenantId,/api/iso-express-diagnostic/options/:tenantId,GET,iso-express-diagnostic.routes,global_enforce_tenant_request_scope,,,,,,,,backend/src/routes/iso-express-diagnostic.routes.js,29,backend/src/app.js,436,true,true,true,global_api_auth_middleware,global_enforce_api_access,global_enforce_tenant_request_scope,false,
,global_enforce_api_access,/api/iso-express-diagnostic/:tenantId/calculate,POST /api/iso-express-diagnostic/:tenantId/calculate,/api/iso-express-diagnostic/:tenantId/calculate,POST,iso-express-diagnostic.routes,global_enforce_tenant_request_scope,,,,,,,,backend/src/routes/iso-express-diagnostic.routes.js,44,backend/src/app.js,436,true,true,true,global_api_auth_middleware,global_enforce_api_access,global_enforce_tenant_request_scope,false,
,global_enforce_api_access,/api/iso-express-diagnostic/:tenantId/latest,GET /api/iso-express-diagnostic/:tenantId/latest,/api/iso-express-diagnostic/:tenantId/latest,GET,iso-express-diagnostic.routes,global_enforce_tenant_request_scope,,,,,,,,backend/src/routes/iso-express-diagnostic.routes.js,64,backend/src/app.js,436,true,true,true,global_api_auth_middleware,global_enforce_api_access,global_enforce_tenant_request_scope,false,
,global_enforce_api_access,/api/iso-express-diagnostic/:tenantId/readiness,GET /api/iso-express-diagnostic/:tenantId/readiness,/api/iso-express-diagnostic/:tenantId/readiness,GET,iso-express-diagnostic.routes,global_enforce_tenant_request_scope,,,,,,,,backend/src/routes/iso-express-diagnostic.routes.js,82,backend/src/app.js,436,true,true,true,global_api_auth_middleware,global_enforce_api_access,global_enforce_tenant_request_scope,false,
,global_enforce_api_access,/api/iso-express-diagnostic/:tenantId/:assessmentId/gaps,GET /api/iso-express-diagnostic/:tenantId/:assessmentId/gaps,/api/iso-express-diagnostic/:tenantId/:assessmentId/gaps,GET,iso-express-diagnostic.routes,global_enforce_tenant_request_scope,,,,,,,,backend/src/routes/iso-express-diagnostic.routes.js,94,backend/src/app.js,436,true,true,true,global_api_auth_middleware,global_enforce_api_access,global_enforce_tenant_request_scope,false,
,global_enforce_api_access,/api/iso-express-diagnostic/:tenantId/:assessmentId/plan,GET /api/iso-express-diagnostic/:tenantId/:assessmentId/plan,/api/iso-express-diagnostic/:tenantId/:assessmentId/plan,GET,iso-express-diagnostic.routes,global_enforce_tenant_request_scope,,,,,,,,backend/src/routes/iso-express-diagnostic.routes.js,109,backend/src/app.js,436,true,true,true,global_api_auth_middleware,global_enforce_api_access,global_enforce_tenant_request_scope,false,
,global_enforce_api_access,/api/iso-express-diagnostic/:tenantId/:assessmentId/archive,POST /api/iso-express-diagnostic/:tenantId/:assessmentId/archive,/api/iso-express-diagnostic/:tenantId/:assessmentId/archive,POST,iso-express-diagnostic.routes,global_enforce_tenant_request_scope,,,,,,,,backend/src/routes/iso-express-diagnostic.routes.js,122,backend/src/app.js,436,true,true,true,global_api_auth_middleware,global_enforce_api_access,global_enforce_tenant_request_scope,false,
,global_enforce_api_access,/api/iso-express-diagnostic/:tenantId/:assessmentId,GET /api/iso-express-diagnostic/:tenantId/:assessmentId,/api/iso-express-diagnostic/:tenantId/:assessmentId,GET,iso-express-diagnostic.routes,global_enforce_tenant_request_scope,,,,,,,,backend/src/routes/iso-express-diagnostic.routes.js,137,backend/src/app.js,436,true,true,true,global_api_auth_middleware,global_enforce_api_access,global_enforce_tenant_request_scope,false,
,global_enforce_api_access,/api/iso-knowledge/standards,GET /api/iso-knowledge/standards,/api/iso-knowledge/standards,GET,iso-knowledge.routes,global_enforce_tenant_request_scope,,,,,,,,backend/src/routes/iso-knowledge.routes.js,30,backend/src/app.js,434,true,true,true,global_api_auth_middleware,global_enforce_api_access,global_enforce_tenant_request_scope,false,
,global_enforce_api_access,/api/iso-knowledge/standards/:standardCode/versions,GET /api/iso-knowledge/standards/:standardCode/versions,/api/iso-knowledge/standards/:standardCode/versions,GET,iso-knowledge.routes,global_enforce_tenant_request_scope,,,,,,,,backend/src/routes/iso-knowledge.routes.js,39,backend/src/app.js,434,true,true,true,global_api_auth_middleware,global_enforce_api_access,global_enforce_tenant_request_scope,false,
,global_enforce_api_access,/api/iso-knowledge/crosswalks,GET /api/iso-knowledge/crosswalks,/api/iso-knowledge/crosswalks,GET,iso-knowledge.routes,global_enforce_tenant_request_scope,,,,,,,,backend/src/routes/iso-knowledge.routes.js,48,backend/src/app.js,434,true,true,true,global_api_auth_middleware,global_enforce_api_access,global_enforce_tenant_request_scope,false,
,global_enforce_api_access,/api/iso-knowledge/transition/iso9001-2026,GET /api/iso-knowledge/transition/iso9001-2026,/api/iso-knowledge/transition/iso9001-2026,GET,iso-knowledge.routes,global_enforce_tenant_request_scope,,,,,,,,backend/src/routes/iso-knowledge.routes.js,62,backend/src/app.js,434,true,true,true,global_api_auth_middleware,global_enforce_api_access,global_enforce_tenant_request_scope,false,
,global_enforce_api_access,/api/iso-knowledge/sync-status,GET /api/iso-knowledge/sync-status,/api/iso-knowledge/sync-status,GET,iso-knowledge.routes,global_enforce_tenant_request_scope,,,,,,,,backend/src/routes/iso-knowledge.routes.js,71,backend/src/app.js,434,true,true,true,global_api_auth_middleware,global_enforce_api_access,global_enforce_tenant_request_scope,false,
,global_enforce_api_access,/api/iso-knowledge/:standardCode/:version/clauses,GET /api/iso-knowledge/:standardCode/:version/clauses,/api/iso-knowledge/:standardCode/:version/clauses,GET,iso-knowledge.routes,global_enforce_tenant_request_scope,,,,,,,,backend/src/routes/iso-knowledge.routes.js,80,backend/src/app.js,434,true,true,true,global_api_auth_middleware,global_enforce_api_access,global_enforce_tenant_request_scope,false,
,global_enforce_api_access,/api/iso-knowledge/:standardCode/:version/controls,GET /api/iso-knowledge/:standardCode/:version/controls,/api/iso-knowledge/:standardCode/:version/controls,GET,iso-knowledge.routes,global_enforce_tenant_request_scope,,,,,,,,backend/src/routes/iso-knowledge.routes.js,89,backend/src/app.js,434,true,true,true,global_api_auth_middleware,global_enforce_api_access,global_enforce_tenant_request_scope,false,
,global_enforce_api_access,/api/iso-knowledge/:standardCode/:version/evidence-expectations,GET /api/iso-knowledge/:standardCode/:version/evidence-expectations,/api/iso-knowledge/:standardCode/:version/evidence-expectations,GET,iso-knowledge.routes,global_enforce_tenant_request_scope,,,,,,,,backend/src/routes/iso-knowledge.routes.js,98,backend/src/app.js,434,true,true,true,global_api_auth_middleware,global_enforce_api_access,global_enforce_tenant_request_scope,false,
,global_enforce_api_access,/api/iso-knowledge/:standardCode/:version/policy-templates,GET /api/iso-knowledge/:standardCode/:version/policy-templates,/api/iso-knowledge/:standardCode/:version/policy-templates,GET,iso-knowledge.routes,global_enforce_tenant_request_scope,,,,audit-signal,,,,backend/src/routes/iso-knowledge.routes.js,107,backend/src/app.js,434,true,true,true,global_api_auth_middleware,global_enforce_api_access,global_enforce_tenant_request_scope,false,
,global_enforce_api_access,/api/iso-knowledge/:standardCode/:version/procedure-templates,GET /api/iso-knowledge/:standardCode/:version/procedure-templates,/api/iso-knowledge/:standardCode/:version/procedure-templates,GET,iso-knowledge.routes,global_enforce_tenant_request_scope,,,,audit-signal,,,,backend/src/routes/iso-knowledge.routes.js,116,backend/src/app.js,434,true,true,true,global_api_auth_middleware,global_enforce_api_access,global_enforce_tenant_request_scope,false,
,global_enforce_api_access,/api/iso-knowledge/:standardCode/:version/risk-templates,GET /api/iso-knowledge/:standardCode/:version/risk-templates,/api/iso-knowledge/:standardCode/:version/risk-templates,GET,iso-knowledge.routes,global_enforce_tenant_request_scope,,,,audit-signal,,,,backend/src/routes/iso-knowledge.routes.js,125,backend/src/app.js,434,true,true,true,global_api_auth_middleware,global_enforce_api_access,global_enforce_tenant_request_scope,false,
,global_enforce_api_access,/api/iso-knowledge/:standardCode/:version/audit-questions,GET /api/iso-knowledge/:standardCode/:version/audit-questions,/api/iso-knowledge/:standardCode/:version/audit-questions,GET,iso-knowledge.routes,global_enforce_tenant_request_scope,,,,audit-signal,,,,backend/src/routes/iso-knowledge.routes.js,134,backend/src/app.js,434,true,true,true,global_api_auth_middleware,global_enforce_api_access,global_enforce_tenant_request_scope,false,
,global_enforce_api_access,/api/iso-knowledge/:standardCode/:version/gap-rules,GET /api/iso-knowledge/:standardCode/:version/gap-rules,/api/iso-knowledge/:standardCode/:version/gap-rules,GET,iso-knowledge.routes,global_enforce_tenant_request_scope,,,,audit-signal,,,,backend/src/routes/iso-knowledge.routes.js,143,backend/src/app.js,434,true,true,true,global_api_auth_middleware,global_enforce_api_access,global_enforce_tenant_request_scope,false,
,global_enforce_api_access,/api/iso-knowledge/:standardCode/:version/maturity-rules,GET /api/iso-knowledge/:standardCode/:version/maturity-rules,/api/iso-knowledge/:standardCode/:version/maturity-rules,GET,iso-knowledge.routes,global_enforce_tenant_request_scope,,,,audit-signal,,,,backend/src/routes/iso-knowledge.routes.js,152,backend/src/app.js,434,true,true,true,global_api_auth_middleware,global_enforce_api_access,global_enforce_tenant_request_scope,false,
,global_enforce_api_access,/api/iso-knowledge/:standardCode/:version/ai-guidance,GET /api/iso-knowledge/:standardCode/:version/ai-guidance,/api/iso-knowledge/:standardCode/:version/ai-guidance,GET,iso-knowledge.routes,global_enforce_tenant_request_scope,,,,audit-signal,,,,backend/src/routes/iso-knowledge.routes.js,161,backend/src/app.js,434,true,true,true,global_api_auth_middleware,global_enforce_api_access,global_enforce_tenant_request_scope,false,
,global_enforce_api_access,/api/iso-knowledge/:standardCode/:version/catalog-links,GET /api/iso-knowledge/:standardCode/:version/catalog-links,/api/iso-knowledge/:standardCode/:version/catalog-links,GET,iso-knowledge.routes,global_enforce_tenant_request_scope,,,,,,,,backend/src/routes/iso-knowledge.routes.js,170,backend/src/app.js,434,true,true,true,global_api_auth_middleware,global_enforce_api_access,global_enforce_tenant_request_scope,false,
,global_enforce_api_access,/api/iso-operational-execution/summary,GET /api/iso-operational-execution/summary,/api/iso-operational-execution/summary,GET,iso-operational-execution.routes,global_enforce_tenant_request_scope,,,,,,,,backend/src/routes/iso-operational-execution.routes.js,29,backend/src/app.js,440,true,true,true,global_api_auth_middleware,global_enforce_api_access,global_enforce_tenant_request_scope,false,
,global_enforce_api_access,/api/iso-operational-execution/suggestions,GET /api/iso-operational-execution/suggestions,/api/iso-operational-execution/suggestions,GET,iso-operational-execution.routes,global_enforce_tenant_request_scope,,,,,,,,backend/src/routes/iso-operational-execution.routes.js,40,backend/src/app.js,440,true,true,true,global_api_auth_middleware,global_enforce_api_access,global_enforce_tenant_request_scope,false,
,global_enforce_api_access,/api/iso-operational-execution/generate,POST /api/iso-operational-execution/generate,/api/iso-operational-execution/generate,POST,iso-operational-execution.routes,global_enforce_tenant_request_scope,,,,,,,,backend/src/routes/iso-operational-execution.routes.js,58,backend/src/app.js,440,true,true,true,global_api_auth_middleware,global_enforce_api_access,global_enforce_tenant_request_scope,false,
,global_enforce_api_access,/api/iso-operational-execution/:id,GET /api/iso-operational-execution/:id,/api/iso-operational-execution/:id,GET,iso-operational-execution.routes,global_enforce_tenant_request_scope,,,,,,,,backend/src/routes/iso-operational-execution.routes.js,79,backend/src/app.js,440,true,true,true,global_api_auth_middleware,global_enforce_api_access,global_enforce_tenant_request_scope,false,
,global_enforce_api_access,/api/iso-operational-execution/:id/approve,POST /api/iso-operational-execution/:id/approve,/api/iso-operational-execution/:id/approve,POST,iso-operational-execution.routes,global_enforce_tenant_request_scope,,,,,,,,backend/src/routes/iso-operational-execution.routes.js,92,backend/src/app.js,440,true,true,true,global_api_auth_middleware,global_enforce_api_access,global_enforce_tenant_request_scope,false,
,global_enforce_api_access,/api/iso-operational-execution/:id/reject,POST /api/iso-operational-execution/:id/reject,/api/iso-operational-execution/:id/reject,POST,iso-operational-execution.routes,global_enforce_tenant_request_scope,,,,,,,,backend/src/routes/iso-operational-execution.routes.js,108,backend/src/app.js,440,true,true,true,global_api_auth_middleware,global_enforce_api_access,global_enforce_tenant_request_scope,false,
,global_enforce_api_access,/api/iso-recommended-actions/workflow-summary,GET /api/iso-recommended-actions/workflow-summary,/api/iso-recommended-actions/workflow-summary,GET,iso-recommended-actions.routes,global_enforce_tenant_request_scope,,,,,,,,backend/src/routes/iso-recommended-actions.routes.js,30,backend/src/app.js,441,true,true,true,global_api_auth_middleware,global_enforce_api_access,global_enforce_tenant_request_scope,false,
,global_enforce_api_access,/api/iso-recommended-actions/:id/workflow,GET /api/iso-recommended-actions/:id/workflow,/api/iso-recommended-actions/:id/workflow,GET,iso-recommended-actions.routes,global_enforce_tenant_request_scope,,,,,,,,backend/src/routes/iso-recommended-actions.routes.js,39,backend/src/app.js,441,true,true,true,global_api_auth_middleware,global_enforce_api_access,global_enforce_tenant_request_scope,false,
,global_enforce_api_access,/api/iso-recommended-actions/:id/workflow/transition,POST /api/iso-recommended-actions/:id/workflow/transition,/api/iso-recommended-actions/:id/workflow/transition,POST,iso-recommended-actions.routes,global_enforce_tenant_request_scope,,,,,,,,backend/src/routes/iso-recommended-actions.routes.js,50,backend/src/app.js,441,true,true,true,global_api_auth_middleware,global_enforce_api_access,global_enforce_tenant_request_scope,false,
,global_enforce_api_access,/api/iso-recommended-actions/:id/workflow/comment,POST /api/iso-recommended-actions/:id/workflow/comment,/api/iso-recommended-actions/:id/workflow/comment,POST,iso-recommended-actions.routes,global_enforce_tenant_request_scope,,,,,,,,backend/src/routes/iso-recommended-actions.routes.js,63,backend/src/app.js,441,true,true,true,global_api_auth_middleware,global_enforce_api_access,global_enforce_tenant_request_scope,false,
,global_enforce_api_access,/api/iso-recommended-actions/:id/conversion-options,GET /api/iso-recommended-actions/:id/conversion-options,/api/iso-recommended-actions/:id/conversion-options,GET,iso-recommended-actions.routes,global_enforce_tenant_request_scope,,,,,,,,backend/src/routes/iso-recommended-actions.routes.js,76,backend/src/app.js,441,true,true,true,global_api_auth_middleware,global_enforce_api_access,global_enforce_tenant_request_scope,false,
,global_enforce_api_access,/api/iso-recommended-actions/:id/dry-run-convert,POST /api/iso-recommended-actions/:id/dry-run-convert,/api/iso-recommended-actions/:id/dry-run-convert,POST,iso-recommended-actions.routes,global_enforce_tenant_request_scope,,,,,,,,backend/src/routes/iso-recommended-actions.routes.js,87,backend/src/app.js,441,true,true,true,global_api_auth_middleware,global_enforce_api_access,global_enforce_tenant_request_scope,false,
,global_enforce_api_access,/api/iso-recommended-actions/:id/convert,POST /api/iso-recommended-actions/:id/convert,/api/iso-recommended-actions/:id/convert,POST,iso-recommended-actions.routes,global_enforce_tenant_request_scope,,,,,,,,backend/src/routes/iso-recommended-actions.routes.js,103,backend/src/app.js,441,true,true,true,global_api_auth_middleware,global_enforce_api_access,global_enforce_tenant_request_scope,false,
,global_enforce_api_access,/api/iso-risk-matrix/:tenantId/options,GET /api/iso-risk-matrix/:tenantId/options,/api/iso-risk-matrix/:tenantId/options,GET,iso-risk-matrix.routes,global_enforce_tenant_request_scope,,,,,,,,backend/src/routes/iso-risk-matrix.routes.js,29,backend/src/app.js,438,true,true,true,global_api_auth_middleware,global_enforce_api_access,global_enforce_tenant_request_scope,false,
,global_enforce_api_access,/api/iso-risk-matrix/:tenantId/generate,POST /api/iso-risk-matrix/:tenantId/generate,/api/iso-risk-matrix/:tenantId/generate,POST,iso-risk-matrix.routes,global_enforce_tenant_request_scope,,,,,,,,backend/src/routes/iso-risk-matrix.routes.js,41,backend/src/app.js,438,true,true,true,global_api_auth_middleware,global_enforce_api_access,global_enforce_tenant_request_scope,false,
,global_enforce_api_access,/api/iso-risk-matrix/:tenantId/runs,GET /api/iso-risk-matrix/:tenantId/runs,/api/iso-risk-matrix/:tenantId/runs,GET,iso-risk-matrix.routes,global_enforce_tenant_request_scope,,,,,,,,backend/src/routes/iso-risk-matrix.routes.js,58,backend/src/app.js,438,true,true,true,global_api_auth_middleware,global_enforce_api_access,global_enforce_tenant_request_scope,false,
,global_enforce_api_access,/api/iso-risk-matrix/:tenantId/latest,GET /api/iso-risk-matrix/:tenantId/latest,/api/iso-risk-matrix/:tenantId/latest,GET,iso-risk-matrix.routes,global_enforce_tenant_request_scope,,,,,,,,backend/src/routes/iso-risk-matrix.routes.js,73,backend/src/app.js,438,true,true,true,global_api_auth_middleware,global_enforce_api_access,global_enforce_tenant_request_scope,false,
,global_enforce_api_access,/api/iso-risk-matrix/:tenantId/summary,GET /api/iso-risk-matrix/:tenantId/summary,/api/iso-risk-matrix/:tenantId/summary,GET,iso-risk-matrix.routes,global_enforce_tenant_request_scope,,,,,,,,backend/src/routes/iso-risk-matrix.routes.js,85,backend/src/app.js,438,true,true,true,global_api_auth_middleware,global_enforce_api_access,global_enforce_tenant_request_scope,false,
,global_enforce_api_access,/api/iso-risk-matrix/:tenantId/runs/:runId,GET /api/iso-risk-matrix/:tenantId/runs/:runId,/api/iso-risk-matrix/:tenantId/runs/:runId,GET,iso-risk-matrix.routes,global_enforce_tenant_request_scope,,,,,,,,backend/src/routes/iso-risk-matrix.routes.js,96,backend/src/app.js,438,true,true,true,global_api_auth_middleware,global_enforce_api_access,global_enforce_tenant_request_scope,false,
,global_enforce_api_access,/api/iso-risk-matrix/:tenantId/runs/:runId/items,GET /api/iso-risk-matrix/:tenantId/runs/:runId/items,/api/iso-risk-matrix/:tenantId/runs/:runId/items,GET,iso-risk-matrix.routes,global_enforce_tenant_request_scope,,,,,,,,backend/src/routes/iso-risk-matrix.routes.js,109,backend/src/app.js,438,true,true,true,global_api_auth_middleware,global_enforce_api_access,global_enforce_tenant_request_scope,false,
,global_enforce_api_access,/api/iso-risk-matrix/:tenantId/runs/:runId/actions,GET /api/iso-risk-matrix/:tenantId/runs/:runId/actions,/api/iso-risk-matrix/:tenantId/runs/:runId/actions,GET,iso-risk-matrix.routes,global_enforce_tenant_request_scope,,,,,,,,backend/src/routes/iso-risk-matrix.routes.js,129,backend/src/app.js,438,true,true,true,global_api_auth_middleware,global_enforce_api_access,global_enforce_tenant_request_scope,false,
,global_enforce_api_access,/api/iso-risk-matrix/:tenantId/items/:itemId/review,POST /api/iso-risk-matrix/:tenantId/items/:itemId/review,/api/iso-risk-matrix/:tenantId/items/:itemId/review,POST,iso-risk-matrix.routes,global_enforce_tenant_request_scope,,,,,,,,backend/src/routes/iso-risk-matrix.routes.js,144,backend/src/app.js,438,true,true,true,global_api_auth_middleware,global_enforce_api_access,global_enforce_tenant_request_scope,false,
,global_enforce_api_access,/api/iso-risk-matrix/:tenantId/runs/:runId/archive,POST /api/iso-risk-matrix/:tenantId/runs/:runId/archive,/api/iso-risk-matrix/:tenantId/runs/:runId/archive,POST,iso-risk-matrix.routes,global_enforce_tenant_request_scope,,,,,,,,backend/src/routes/iso-risk-matrix.routes.js,160,backend/src/app.js,438,true,true,true,global_api_auth_middleware,global_enforce_api_access,global_enforce_tenant_request_scope,false,
,global_enforce_api_access,/api/iso-scope/recommendations,POST /api/iso-scope/recommendations,/api/iso-scope/recommendations,POST,iso-scope.routes,global_enforce_tenant_request_scope,,,,,,,,backend/src/routes/iso-scope.routes.js,20,backend/src/app.js,444,true,true,true,global_api_auth_middleware,global_enforce_api_access,global_enforce_tenant_request_scope,false,
,global_enforce_api_access,/api/knowledge-base/search,GET /api/knowledge-base/search,/api/knowledge-base/search,GET,knowledge-base.routes,global_enforce_tenant_request_scope,,,,,,,,backend/src/routes/knowledge-base.routes.js,30,backend/src/app.js,447,true,true,true,global_api_auth_middleware,global_enforce_api_access,global_enforce_tenant_request_scope,false,
,global_enforce_api_access,/api/knowledge-base/standards,GET /api/knowledge-base/standards,/api/knowledge-base/standards,GET,knowledge-base.routes,global_enforce_tenant_request_scope,,,,,,,,backend/src/routes/knowledge-base.routes.js,39,backend/src/app.js,447,true,true,true,global_api_auth_middleware,global_enforce_api_access,global_enforce_tenant_request_scope,false,
,global_enforce_api_access,/api/knowledge-base/rules,GET /api/knowledge-base/rules,/api/knowledge-base/rules,GET,knowledge-base.routes,global_enforce_tenant_request_scope,,,,,,,,backend/src/routes/knowledge-base.routes.js,48,backend/src/app.js,447,true,true,true,global_api_auth_middleware,global_enforce_api_access,global_enforce_tenant_request_scope,false,
,global_enforce_api_access,/api/kpi/recalculate/:tenantId,POST /api/kpi/recalculate/:tenantId,/api/kpi/recalculate/:tenantId,POST,kpi.routes,global_enforce_tenant_request_scope,,,,,,,,backend/src/routes/kpi.routes.js,23,backend/src/app.js,452,true,true,true,global_api_auth_middleware,global_enforce_api_access,global_enforce_tenant_request_scope,false,
,global_enforce_api_access,/api/kpis/recalculate/:tenantId,POST /api/kpis/recalculate/:tenantId,/api/kpis/recalculate/:tenantId,POST,kpi.routes,global_enforce_tenant_request_scope,,,,,,,,backend/src/routes/kpi.routes.js,23,backend/src/app.js,453,true,true,true,global_api_auth_middleware,global_enforce_api_access,global_enforce_tenant_request_scope,false,
,global_enforce_api_access,/api/kpi/dashboard/:tenantId,GET /api/kpi/dashboard/:tenantId,/api/kpi/dashboard/:tenantId,GET,kpi.routes,global_enforce_tenant_request_scope,,,,,,,,backend/src/routes/kpi.routes.js,24,backend/src/app.js,452,true,true,true,global_api_auth_middleware,global_enforce_api_access,global_enforce_tenant_request_scope,false,
,global_enforce_api_access,/api/kpis/dashboard/:tenantId,GET /api/kpis/dashboard/:tenantId,/api/kpis/dashboard/:tenantId,GET,kpi.routes,global_enforce_tenant_request_scope,,,,,,,,backend/src/routes/kpi.routes.js,24,backend/src/app.js,453,true,true,true,global_api_auth_middleware,global_enforce_api_access,global_enforce_tenant_request_scope,false,
,global_enforce_api_access,/api/kpi/effective-health-summary/:tenantId,GET /api/kpi/effective-health-summary/:tenantId,/api/kpi/effective-health-summary/:tenantId,GET,kpi.routes,global_enforce_tenant_request_scope,,,,,,,,backend/src/routes/kpi.routes.js,25,backend/src/app.js,452,true,true,true,global_api_auth_middleware,global_enforce_api_access,global_enforce_tenant_request_scope,false,
,global_enforce_api_access,/api/kpis/effective-health-summary/:tenantId,GET /api/kpis/effective-health-summary/:tenantId,/api/kpis/effective-health-summary/:tenantId,GET,kpi.routes,global_enforce_tenant_request_scope,,,,,,,,backend/src/routes/kpi.routes.js,25,backend/src/app.js,453,true,true,true,global_api_auth_middleware,global_enforce_api_access,global_enforce_tenant_request_scope,false,
,global_enforce_api_access,/api/kpi/catalog/:tenantId,GET /api/kpi/catalog/:tenantId,/api/kpi/catalog/:tenantId,GET,kpi.routes,global_enforce_tenant_request_scope,,,,,,,,backend/src/routes/kpi.routes.js,31,backend/src/app.js,452,true,true,true,global_api_auth_middleware,global_enforce_api_access,global_enforce_tenant_request_scope,false,
,global_enforce_api_access,/api/kpis/catalog/:tenantId,GET /api/kpis/catalog/:tenantId,/api/kpis/catalog/:tenantId,GET,kpi.routes,global_enforce_tenant_request_scope,,,,,,,,backend/src/routes/kpi.routes.js,31,backend/src/app.js,453,true,true,true,global_api_auth_middleware,global_enforce_api_access,global_enforce_tenant_request_scope,false,
,global_enforce_api_access,/api/kpi/admin/:tenantId,GET /api/kpi/admin/:tenantId,/api/kpi/admin/:tenantId,GET,kpi.routes,global_enforce_tenant_request_scope,,,,,,,,backend/src/routes/kpi.routes.js,32,backend/src/app.js,452,true,true,true,global_api_auth_middleware,global_enforce_api_access,global_enforce_tenant_request_scope,false,
,global_enforce_api_access,/api/kpis/admin/:tenantId,GET /api/kpis/admin/:tenantId,/api/kpis/admin/:tenantId,GET,kpi.routes,global_enforce_tenant_request_scope,,,,,,,,backend/src/routes/kpi.routes.js,32,backend/src/app.js,453,true,true,true,global_api_auth_middleware,global_enforce_api_access,global_enforce_tenant_request_scope,false,
,global_enforce_api_access,/api/kpi/custom,POST /api/kpi/custom,/api/kpi/custom,POST,kpi.routes,global_enforce_tenant_request_scope,,,,,,,,backend/src/routes/kpi.routes.js,33,backend/src/app.js,452,true,true,true,global_api_auth_middleware,global_enforce_api_access,global_enforce_tenant_request_scope,false,
,global_enforce_api_access,/api/kpis/custom,POST /api/kpis/custom,/api/kpis/custom,POST,kpi.routes,global_enforce_tenant_request_scope,,,,,,,,backend/src/routes/kpi.routes.js,33,backend/src/app.js,453,true,true,true,global_api_auth_middleware,global_enforce_api_access,global_enforce_tenant_request_scope,false,
,global_enforce_api_access,/api/kpi/custom/:id,PUT /api/kpi/custom/:id,/api/kpi/custom/:id,PUT,kpi.routes,global_enforce_tenant_request_scope,,,,,,,,backend/src/routes/kpi.routes.js,34,backend/src/app.js,452,true,true,true,global_api_auth_middleware,global_enforce_api_access,global_enforce_tenant_request_scope,false,
,global_enforce_api_access,/api/kpis/custom/:id,PUT /api/kpis/custom/:id,/api/kpis/custom/:id,PUT,kpi.routes,global_enforce_tenant_request_scope,,,,,,,,backend/src/routes/kpi.routes.js,34,backend/src/app.js,453,true,true,true,global_api_auth_middleware,global_enforce_api_access,global_enforce_tenant_request_scope,false,
,global_enforce_api_access,/api/kpi/tenant-setting,POST /api/kpi/tenant-setting,/api/kpi/tenant-setting,POST,kpi.routes,global_enforce_tenant_request_scope,,,,,,,,backend/src/routes/kpi.routes.js,35,backend/src/app.js,452,true,true,true,global_api_auth_middleware,global_enforce_api_access,global_enforce_tenant_request_scope,false,
,global_enforce_api_access,/api/kpis/tenant-setting,POST /api/kpis/tenant-setting,/api/kpis/tenant-setting,POST,kpi.routes,global_enforce_tenant_request_scope,,,,,,,,backend/src/routes/kpi.routes.js,35,backend/src/app.js,453,true,true,true,global_api_auth_middleware,global_enforce_api_access,global_enforce_tenant_request_scope,false,
,global_enforce_api_access,/api/kpi/manual-value,POST /api/kpi/manual-value,/api/kpi/manual-value,POST,kpi.routes,global_enforce_tenant_request_scope,,,,,,,,backend/src/routes/kpi.routes.js,36,backend/src/app.js,452,true,true,true,global_api_auth_middleware,global_enforce_api_access,global_enforce_tenant_request_scope,false,
,global_enforce_api_access,/api/kpis/manual-value,POST /api/kpis/manual-value,/api/kpis/manual-value,POST,kpi.routes,global_enforce_tenant_request_scope,,,,,,,,backend/src/routes/kpi.routes.js,36,backend/src/app.js,453,true,true,true,global_api_auth_middleware,global_enforce_api_access,global_enforce_tenant_request_scope,false,
,global_enforce_api_access,/api/kpi/custom/:id,DELETE /api/kpi/custom/:id,/api/kpi/custom/:id,DELETE,kpi.routes,global_enforce_tenant_request_scope,,,,,,,,backend/src/routes/kpi.routes.js,37,backend/src/app.js,452,true,true,true,global_api_auth_middleware,global_enforce_api_access,global_enforce_tenant_request_scope,false,
,global_enforce_api_access,/api/kpis/custom/:id,DELETE /api/kpis/custom/:id,/api/kpis/custom/:id,DELETE,kpi.routes,global_enforce_tenant_request_scope,,,,,,,,backend/src/routes/kpi.routes.js,37,backend/src/app.js,453,true,true,true,global_api_auth_middleware,global_enforce_api_access,global_enforce_tenant_request_scope,false,
,global_enforce_api_access,/api/lifecycle/stages,GET /api/lifecycle/stages,/api/lifecycle/stages,GET,lifecycle.routes,global_enforce_tenant_request_scope,,,,,,,,backend/src/routes/lifecycle.routes.js,1138,backend/src/app.js,446,true,true,true,global_api_auth_middleware,global_enforce_api_access,global_enforce_tenant_request_scope,false,
,global_enforce_api_access,/api/lifecycle/rebuild/:tenant_id,POST /api/lifecycle/rebuild/:tenant_id,/api/lifecycle/rebuild/:tenant_id,POST,lifecycle.routes,global_enforce_tenant_request_scope,,,,,,,,backend/src/routes/lifecycle.routes.js,1145,backend/src/app.js,446,true,true,true,global_api_auth_middleware,global_enforce_api_access,global_enforce_tenant_request_scope,false,
,global_enforce_api_access,/api/lifecycle/board/:tenant_id,GET /api/lifecycle/board/:tenant_id,/api/lifecycle/board/:tenant_id,GET,lifecycle.routes,global_enforce_tenant_request_scope,,,,,,,,backend/src/routes/lifecycle.routes.js,1175,backend/src/app.js,446,true,true,true,global_api_auth_middleware,global_enforce_api_access,global_enforce_tenant_request_scope,false,
,global_enforce_api_access,/api/lifecycle/summary/:tenant_id,GET /api/lifecycle/summary/:tenant_id,/api/lifecycle/summary/:tenant_id,GET,lifecycle.routes,global_enforce_tenant_request_scope,,,,,,,,backend/src/routes/lifecycle.routes.js,1249,backend/src/app.js,446,true,true,true,global_api_auth_middleware,global_enforce_api_access,global_enforce_tenant_request_scope,false,
,global_enforce_api_access,/api/lifecycle/insights/:tenant_id,GET /api/lifecycle/insights/:tenant_id,/api/lifecycle/insights/:tenant_id,GET,lifecycle.routes,global_enforce_tenant_request_scope,,,,,,,,backend/src/routes/lifecycle.routes.js,1326,backend/src/app.js,446,true,true,true,global_api_auth_middleware,global_enforce_api_access,global_enforce_tenant_request_scope,false,
,global_enforce_api_access,/api/lifecycle/ai-context/:tenant_id,GET /api/lifecycle/ai-context/:tenant_id,/api/lifecycle/ai-context/:tenant_id,GET,lifecycle.routes,global_enforce_tenant_request_scope,,,,audit-signal,,,,backend/src/routes/lifecycle.routes.js,1389,backend/src/app.js,446,true,true,true,global_api_auth_middleware,global_enforce_api_access,global_enforce_tenant_request_scope,false,
,global_enforce_api_access,/api/lifecycle/request-move,POST /api/lifecycle/request-move,/api/lifecycle/request-move,POST,lifecycle.routes,global_enforce_tenant_request_scope,,,,audit-signal,,,,backend/src/routes/lifecycle.routes.js,1494,backend/src/app.js,446,true,true,true,global_api_auth_middleware,global_enforce_api_access,global_enforce_tenant_request_scope,false,
,global_enforce_api_access,/api/lifecycle/requests/:request_id/review,POST /api/lifecycle/requests/:request_id/review,/api/lifecycle/requests/:request_id/review,POST,lifecycle.routes,global_enforce_tenant_request_scope,,,,audit-signal,,,,backend/src/routes/lifecycle.routes.js,1699,backend/src/app.js,446,true,true,true,global_api_auth_middleware,global_enforce_api_access,global_enforce_tenant_request_scope,false,
,global_enforce_api_access,/api/lifecycle/ai-feed/:tenant_id,GET /api/lifecycle/ai-feed/:tenant_id,/api/lifecycle/ai-feed/:tenant_id,GET,lifecycle.routes,global_enforce_tenant_request_scope,,,,audit-signal,,,,backend/src/routes/lifecycle.routes.js,1895,backend/src/app.js,446,true,true,true,global_api_auth_middleware,global_enforce_api_access,global_enforce_tenant_request_scope,false,
,global_enforce_api_access,/api/lifecycle/ai-feed/:event_id/processed,POST /api/lifecycle/ai-feed/:event_id/processed,/api/lifecycle/ai-feed/:event_id/processed,POST,lifecycle.routes,global_enforce_tenant_request_scope,,,,audit-signal,,,,backend/src/routes/lifecycle.routes.js,1930,backend/src/app.js,446,true,true,true,global_api_auth_middleware,global_enforce_api_access,global_enforce_tenant_request_scope,false,
,global_enforce_api_access,/api/lifecycle/history/:tenant_id,GET /api/lifecycle/history/:tenant_id,/api/lifecycle/history/:tenant_id,GET,lifecycle.routes,global_enforce_tenant_request_scope,,,,,,,,backend/src/routes/lifecycle.routes.js,2014,backend/src/app.js,446,true,true,true,global_api_auth_middleware,global_enforce_api_access,global_enforce_tenant_request_scope,false,
,global_enforce_api_access,/api/me/modules,GET /api/me/modules,/api/me/modules,GET,me-modules.routes,global_enforce_tenant_request_scope,,,,,,,,backend/src/routes/me-modules.routes.js,70,backend/src/app.js,429,true,true,true,global_api_auth_middleware,global_enforce_api_access,global_enforce_tenant_request_scope,false,
,global_enforce_api_access,/api/me/session,GET /api/me/session,/api/me/session,GET,me.routes,global_enforce_tenant_request_scope,,,,audit-signal,,,,backend/src/routes/me.routes.js,113,backend/src/app.js,427,true,true,true,global_api_auth_middleware,global_enforce_api_access,global_enforce_tenant_request_scope,false,
,global_enforce_api_access,/api/me/governance,GET /api/me/governance,/api/me/governance,GET,me.routes,global_enforce_tenant_request_scope,,,,,,,,backend/src/routes/me.routes.js,199,backend/src/app.js,427,true,true,true,global_api_auth_middleware,global_enforce_api_access,global_enforce_tenant_request_scope,false,
,global_enforce_api_access,/api/me/permissions,GET /api/me/permissions,/api/me/permissions,GET,me.routes,global_enforce_tenant_request_scope,,,,,,,,backend/src/routes/me.routes.js,229,backend/src/app.js,427,true,true,true,global_api_auth_middleware,global_enforce_api_access,global_enforce_tenant_request_scope,false,
,global_enforce_api_access,/api/me/entitlements,GET /api/me/entitlements,/api/me/entitlements,GET,me.routes,global_enforce_tenant_request_scope,,,,,,,,backend/src/routes/me.routes.js,262,backend/src/app.js,427,true,true,true,global_api_auth_middleware,global_enforce_api_access,global_enforce_tenant_request_scope,false,
,global_enforce_api_access,/api/nonconformities/:id/ai-review,POST /api/nonconformities/:id/ai-review,/api/nonconformities/:id/ai-review,POST,nonconformities.routes,global_enforce_tenant_request_scope,,,,,,,,backend/src/routes/nonconformities.routes.js,256,backend/src/app.js,393,true,true,true,global_api_auth_middleware,global_enforce_api_access,global_enforce_tenant_request_scope,false,
,global_enforce_api_access,/api/nonconformities/:tenant_id,GET /api/nonconformities/:tenant_id,/api/nonconformities/:tenant_id,GET,nonconformities.routes,global_enforce_tenant_request_scope,,,,audit-signal,,,,backend/src/routes/nonconformities.routes.js,314,backend/src/app.js,393,true,true,true,global_api_auth_middleware,global_enforce_api_access,global_enforce_tenant_request_scope,false,
,global_enforce_api_access,/api/nonconformities/:id,PUT /api/nonconformities/:id,/api/nonconformities/:id,PUT,nonconformities.routes,global_enforce_tenant_request_scope,,,,,,,,backend/src/routes/nonconformities.routes.js,411,backend/src/app.js,393,true,true,true,global_api_auth_middleware,global_enforce_api_access,global_enforce_tenant_request_scope,false,
,global_enforce_api_access,/api/notifications/:tenantId,GET /api/notifications/:tenantId,/api/notifications/:tenantId,GET,notifications.routes,global_enforce_tenant_request_scope,,,,,,,,backend/src/routes/notifications.routes.js,11,backend/src/app.js,417,true,true,true,global_api_auth_middleware,global_enforce_api_access,global_enforce_tenant_request_scope,false,
,global_enforce_api_access,/api/notifications/:id/read,PATCH /api/notifications/:id/read,/api/notifications/:id/read,PATCH,notifications.routes,global_enforce_tenant_request_scope,,,,,,,,backend/src/routes/notifications.routes.js,12,backend/src/app.js,417,true,true,true,global_api_auth_middleware,global_enforce_api_access,global_enforce_tenant_request_scope,false,
,global_enforce_api_access,/api/notifications/tenant/:tenantId/read-all,PATCH /api/notifications/tenant/:tenantId/read-all,/api/notifications/tenant/:tenantId/read-all,PATCH,notifications.routes,global_enforce_tenant_request_scope,,,,,,,,backend/src/routes/notifications.routes.js,13,backend/src/app.js,417,true,true,true,global_api_auth_middleware,global_enforce_api_access,global_enforce_tenant_request_scope,false,
,global_enforce_api_access,/api/objectives/:tenant_id,GET /api/objectives/:tenant_id,/api/objectives/:tenant_id,GET,objectives.routes,global_enforce_tenant_request_scope,,,,,,,,backend/src/routes/objectives.routes.js,207,backend/src/app.js,454,true,true,true,global_api_auth_middleware,global_enforce_api_access,global_enforce_tenant_request_scope,false,
,global_enforce_api_access,/api/objectives,POST /api/objectives,/api/objectives,POST,objectives.routes,global_enforce_tenant_request_scope,,,,,,,,backend/src/routes/objectives.routes.js,268,backend/src/app.js,454,true,true,true,global_api_auth_middleware,global_enforce_api_access,global_enforce_tenant_request_scope,false,
,global_enforce_api_access,/api/objectives/:id,PUT /api/objectives/:id,/api/objectives/:id,PUT,objectives.routes,global_enforce_tenant_request_scope,,,,,,,,backend/src/routes/objectives.routes.js,400,backend/src/app.js,454,true,true,true,global_api_auth_middleware,global_enforce_api_access,global_enforce_tenant_request_scope,false,
,global_enforce_api_access,/api/objectives/:id,DELETE /api/objectives/:id,/api/objectives/:id,DELETE,objectives.routes,global_enforce_tenant_request_scope,,,,,,,,backend/src/routes/objectives.routes.js,541,backend/src/app.js,454,true,true,true,global_api_auth_middleware,global_enforce_api_access,global_enforce_tenant_request_scope,false,
,global_enforce_api_access,/api/operational-risks/simulations,POST /api/operational-risks/simulations,/api/operational-risks/simulations,POST,operational-risks.routes,global_enforce_tenant_request_scope,,,,,,,,backend/src/routes/operational-risks.routes.js,357,backend/src/app.js,439,true,true,true,global_api_auth_middleware,global_enforce_api_access,global_enforce_tenant_request_scope,false,
,global_enforce_api_access,/api/operational-risks/simulations,GET /api/operational-risks/simulations,/api/operational-risks/simulations,GET,operational-risks.routes,global_enforce_tenant_request_scope,,,,,,,,backend/src/routes/operational-risks.routes.js,472,backend/src/app.js,439,true,true,true,global_api_auth_middleware,global_enforce_api_access,global_enforce_tenant_request_scope,false,
,global_enforce_api_access,/api/operational-risks/simulations/:id,GET /api/operational-risks/simulations/:id,/api/operational-risks/simulations/:id,GET,operational-risks.routes,global_enforce_tenant_request_scope,,,,,,,,backend/src/routes/operational-risks.routes.js,528,backend/src/app.js,439,true,true,true,global_api_auth_middleware,global_enforce_api_access,global_enforce_tenant_request_scope,false,
,global_enforce_api_access,/api/operational-risks/ai-analysis-jobs,POST /api/operational-risks/ai-analysis-jobs,/api/operational-risks/ai-analysis-jobs,POST,operational-risks.routes,global_enforce_tenant_request_scope,,,,,,,,backend/src/routes/operational-risks.routes.js,557,backend/src/app.js,439,true,true,true,global_api_auth_middleware,global_enforce_api_access,global_enforce_tenant_request_scope,false,
,global_enforce_api_access,/api/operational-risks/ai-analysis-jobs,GET /api/operational-risks/ai-analysis-jobs,/api/operational-risks/ai-analysis-jobs,GET,operational-risks.routes,global_enforce_tenant_request_scope,,,,,,,,backend/src/routes/operational-risks.routes.js,593,backend/src/app.js,439,true,true,true,global_api_auth_middleware,global_enforce_api_access,global_enforce_tenant_request_scope,false,
,global_enforce_api_access,/api/operational-risks/ai-analysis-jobs/:id,GET /api/operational-risks/ai-analysis-jobs/:id,/api/operational-risks/ai-analysis-jobs/:id,GET,operational-risks.routes,global_enforce_tenant_request_scope,,,,,,,,backend/src/routes/operational-risks.routes.js,615,backend/src/app.js,439,true,true,true,global_api_auth_middleware,global_enforce_api_access,global_enforce_tenant_request_scope,false,
,global_enforce_api_access,/api/operational-risks/ai-analysis,POST /api/operational-risks/ai-analysis,/api/operational-risks/ai-analysis,POST,operational-risks.routes,global_enforce_tenant_request_scope,,,,,,,,backend/src/routes/operational-risks.routes.js,635,backend/src/app.js,439,true,true,true,global_api_auth_middleware,global_enforce_api_access,global_enforce_tenant_request_scope,false,
,global_enforce_api_access,/api/operational-risks/simulations/:id/recommendations,POST /api/operational-risks/simulations/:id/recommendations,/api/operational-risks/simulations/:id/recommendations,POST,operational-risks.routes,global_enforce_tenant_request_scope,,,,,,,,backend/src/routes/operational-risks.routes.js,680,backend/src/app.js,439,true,true,true,global_api_auth_middleware,global_enforce_api_access,global_enforce_tenant_request_scope,false,
,global_enforce_api_access,/api/operational-risks/simulations/:id/recommendations/ai,POST /api/operational-risks/simulations/:id/recommendations/ai,/api/operational-risks/simulations/:id/recommendations/ai,POST,operational-risks.routes,global_enforce_tenant_request_scope,,,,,,,,backend/src/routes/operational-risks.routes.js,744,backend/src/app.js,439,true,true,true,global_api_auth_middleware,global_enforce_api_access,global_enforce_tenant_request_scope,false,
,global_enforce_api_access,/api/policy/:tenant_id/:iso,GET /api/policy/:tenant_id/:iso,/api/policy/:tenant_id/:iso,GET,policy.routes,global_enforce_tenant_request_scope,,,,,,,,backend/src/routes/policy.routes.js,6,backend/src/app.js,401,true,true,true,global_api_auth_middleware,global_enforce_api_access,global_enforce_tenant_request_scope,false,
,global_enforce_api_access,/api/quotes/prices,GET /api/quotes/prices,/api/quotes/prices,GET,quotes.routes,global_enforce_tenant_request_scope,,,,,,,,backend/src/routes/quotes.routes.js,149,backend/src/app.js,426,true,true,true,global_api_auth_middleware,global_enforce_api_access,global_enforce_tenant_request_scope,false,
,global_enforce_api_access,/api/quotes/calculate,POST /api/quotes/calculate,/api/quotes/calculate,POST,quotes.routes,global_enforce_tenant_request_scope,,,,,,,,backend/src/routes/quotes.routes.js,174,backend/src/app.js,426,true,true,true,global_api_auth_middleware,global_enforce_api_access,global_enforce_tenant_request_scope,false,
,global_enforce_api_access,/api/quotes,GET /api/quotes,/api/quotes,GET,quotes.routes,global_enforce_tenant_request_scope,,,,,,,,backend/src/routes/quotes.routes.js,200,backend/src/app.js,426,true,true,true,global_api_auth_middleware,global_enforce_api_access,global_enforce_tenant_request_scope,false,
,global_enforce_api_access,/api/quotes/:id,GET /api/quotes/:id,/api/quotes/:id,GET,quotes.routes,global_enforce_tenant_request_scope,,,,,,,,backend/src/routes/quotes.routes.js,265,backend/src/app.js,426,true,true,true,global_api_auth_middleware,global_enforce_api_access,global_enforce_tenant_request_scope,false,
,global_enforce_api_access,/api/quotes,POST /api/quotes,/api/quotes,POST,quotes.routes,global_enforce_tenant_request_scope,,,,,,,,backend/src/routes/quotes.routes.js,328,backend/src/app.js,426,true,true,true,global_api_auth_middleware,global_enforce_api_access,global_enforce_tenant_request_scope,false,
,global_enforce_api_access,/api/quotes/:id/status,PUT /api/quotes/:id/status,/api/quotes/:id/status,PUT,quotes.routes,global_enforce_tenant_request_scope,,,,audit-signal,,,,backend/src/routes/quotes.routes.js,541,backend/src/app.js,426,true,true,true,global_api_auth_middleware,global_enforce_api_access,global_enforce_tenant_request_scope,false,
,global_enforce_api_access,/api/quotes/:id/convert-to-tenant,POST /api/quotes/:id/convert-to-tenant,/api/quotes/:id/convert-to-tenant,POST,quotes.routes,global_enforce_tenant_request_scope,,,,,,,,backend/src/routes/quotes.routes.js,614,backend/src/app.js,426,true,true,true,global_api_auth_middleware,global_enforce_api_access,global_enforce_tenant_request_scope,false,
,,/:tenant_id,GET /:tenant_id,/:tenant_id,GET,report.routes,route_or_handler_tenant_signal,,,,,,,,backend/src/routes/report.routes.js,12,,,true,false,true,route_or_handler_auth_signal,,route_or_handler_tenant_signal,false,
,global_enforce_api_access,/api/reports/templates,GET /api/reports/templates,/api/reports/templates,GET,reports.routes,global_enforce_tenant_request_scope,,,,,,,,backend/src/routes/reports.routes.js,791,backend/src/app.js,383,true,true,true,global_api_auth_middleware,global_enforce_api_access,global_enforce_tenant_request_scope,false,
,global_enforce_api_access,/api/reports/preview,POST /api/reports/preview,/api/reports/preview,POST,reports.routes,global_enforce_tenant_request_scope,,,,,,,,backend/src/routes/reports.routes.js,807,backend/src/app.js,383,true,true,true,global_api_auth_middleware,global_enforce_api_access,global_enforce_tenant_request_scope,false,
,global_enforce_api_access,/api/reports/narrative,POST /api/reports/narrative,/api/reports/narrative,POST,reports.routes,global_enforce_tenant_request_scope,,,,,,,,backend/src/routes/reports.routes.js,824,backend/src/app.js,383,true,true,true,global_api_auth_middleware,global_enforce_api_access,global_enforce_tenant_request_scope,false,
,global_enforce_api_access,/api/reports/export/pdf,POST /api/reports/export/pdf,/api/reports/export/pdf,POST,reports.routes,global_enforce_tenant_request_scope,,,,,,,,backend/src/routes/reports.routes.js,867,backend/src/app.js,383,true,true,true,global_api_auth_middleware,global_enforce_api_access,global_enforce_tenant_request_scope,false,
,global_enforce_api_access,/api/reports/export/zip,POST /api/reports/export/zip,/api/reports/export/zip,POST,reports.routes,global_enforce_tenant_request_scope,,,,,,,,backend/src/routes/reports.routes.js,875,backend/src/app.js,383,true,true,true,global_api_auth_middleware,global_enforce_api_access,global_enforce_tenant_request_scope,false,
,global_enforce_api_access,/api/reports/sources,GET /api/reports/sources,/api/reports/sources,GET,reports.routes,global_enforce_tenant_request_scope,,,,,,,,backend/src/routes/reports.routes.js,883,backend/src/app.js,383,true,true,true,global_api_auth_middleware,global_enforce_api_access,global_enforce_tenant_request_scope,false,
,global_enforce_api_access,/api/reports/health,GET /api/reports/health,/api/reports/health,GET,reports.routes,global_enforce_tenant_request_scope,,,,,,,,backend/src/routes/reports.routes.js,899,backend/src/app.js,383,true,true,true,global_api_auth_middleware,global_enforce_api_access,global_enforce_tenant_request_scope,false,
,global_enforce_api_access,/api/reports/types,GET /api/reports/types,/api/reports/types,GET,reports.routes,global_enforce_tenant_request_scope,,,,,,,,backend/src/routes/reports.routes.js,924,backend/src/app.js,383,true,true,true,global_api_auth_middleware,global_enforce_api_access,global_enforce_tenant_request_scope,false,
,global_enforce_api_access,/api/reports/clients,GET /api/reports/clients,/api/reports/clients,GET,reports.routes,global_enforce_tenant_request_scope,,,,,,,,backend/src/routes/reports.routes.js,996,backend/src/app.js,383,true,true,true,global_api_auth_middleware,global_enforce_api_access,global_enforce_tenant_request_scope,false,
,global_enforce_api_access,/api/reports/standards,GET /api/reports/standards,/api/reports/standards,GET,reports.routes,global_enforce_tenant_request_scope,,,,,,,,backend/src/routes/reports.routes.js,1115,backend/src/app.js,383,true,true,true,global_api_auth_middleware,global_enforce_api_access,global_enforce_tenant_request_scope,false,
,global_enforce_api_access,/api/reports/exports,GET /api/reports/exports,/api/reports/exports,GET,reports.routes,global_enforce_tenant_request_scope,,,,,,,,backend/src/routes/reports.routes.js,1224,backend/src/app.js,383,true,true,true,global_api_auth_middleware,global_enforce_api_access,global_enforce_tenant_request_scope,false,
,global_enforce_api_access,/api/reports/download/:id,GET /api/reports/download/:id,/api/reports/download/:id,GET,reports.routes,global_enforce_tenant_request_scope,,,,,,,,backend/src/routes/reports.routes.js,1382,backend/src/app.js,383,true,true,true,global_api_auth_middleware,global_enforce_api_access,global_enforce_tenant_request_scope,false,
,global_enforce_api_access,/api/reports/generate/start,POST /api/reports/generate/start,/api/reports/generate/start,POST,reports.routes,global_enforce_tenant_request_scope,,,,audit-signal,,,,backend/src/routes/reports.routes.js,2891,backend/src/app.js,383,true,true,true,global_api_auth_middleware,global_enforce_api_access,global_enforce_tenant_request_scope,false,
,global_enforce_api_access,/api/reports/jobs/:job_id,GET /api/reports/jobs/:job_id,/api/reports/jobs/:job_id,GET,reports.routes,global_enforce_tenant_request_scope,,,,,,,,backend/src/routes/reports.routes.js,3006,backend/src/app.js,383,true,true,true,global_api_auth_middleware,global_enforce_api_access,global_enforce_tenant_request_scope,false,
,global_enforce_api_access,/api/reports/jobs/:job_id/result,GET /api/reports/jobs/:job_id/result,/api/reports/jobs/:job_id/result,GET,reports.routes,global_enforce_tenant_request_scope,,,,,,,,backend/src/routes/reports.routes.js,3019,backend/src/app.js,383,true,true,true,global_api_auth_middleware,global_enforce_api_access,global_enforce_tenant_request_scope,false,
,global_enforce_api_access,/api/reports/generate,POST /api/reports/generate,/api/reports/generate,POST,reports.routes,global_enforce_tenant_request_scope,,,,,,,,backend/src/routes/reports.routes.js,3039,backend/src/app.js,383,true,true,true,global_api_auth_middleware,global_enforce_api_access,global_enforce_tenant_request_scope,false,
,global_enforce_api_access,/api/reports/schedules,POST /api/reports/schedules,/api/reports/schedules,POST,reports.routes,global_enforce_tenant_request_scope,,,,,,,,backend/src/routes/reports.routes.js,3373,backend/src/app.js,383,true,true,true,global_api_auth_middleware,global_enforce_api_access,global_enforce_tenant_request_scope,false,
,global_enforce_api_access,/api/search/global/:tenantId,GET /api/search/global/:tenantId,/api/search/global/:tenantId,GET,search.routes,global_enforce_tenant_request_scope,,,,,,,,backend/src/routes/search.routes.js,11,backend/src/app.js,416,true,true,true,global_api_auth_middleware,global_enforce_api_access,global_enforce_tenant_request_scope,false,
,global_enforce_api_access,/api/search/history/:tenantId,GET /api/search/history/:tenantId,/api/search/history/:tenantId,GET,search.routes,global_enforce_tenant_request_scope,,,,,,,,backend/src/routes/search.routes.js,12,backend/src/app.js,416,true,true,true,global_api_auth_middleware,global_enforce_api_access,global_enforce_tenant_request_scope,false,
,global_enforce_api_access,/api/search/history/click,POST /api/search/history/click,/api/search/history/click,POST,search.routes,global_enforce_tenant_request_scope,,,,,,,,backend/src/routes/search.routes.js,13,backend/src/app.js,416,true,true,true,global_api_auth_middleware,global_enforce_api_access,global_enforce_tenant_request_scope,false,
,global_enforce_api_access,/api/soa/:tenant_id/preflight,GET /api/soa/:tenant_id/preflight,/api/soa/:tenant_id/preflight,GET,soa.routes,global_enforce_tenant_request_scope,,,,,,,,backend/src/routes/soa.routes.js,447,backend/src/app.js,413,true,true,true,global_api_auth_middleware,global_enforce_api_access,global_enforce_tenant_request_scope,false,
,global_enforce_api_access,/api/soa/:tenant_id/initialize,POST /api/soa/:tenant_id/initialize,/api/soa/:tenant_id/initialize,POST,soa.routes,global_enforce_tenant_request_scope,,,,,,,,backend/src/routes/soa.routes.js,472,backend/src/app.js,413,true,true,true,global_api_auth_middleware,global_enforce_api_access,global_enforce_tenant_request_scope,false,
,global_enforce_api_access,/api/soa/:tenant_id/intelligence,GET /api/soa/:tenant_id/intelligence,/api/soa/:tenant_id/intelligence,GET,soa.routes,global_enforce_tenant_request_scope,,,,,,,,backend/src/routes/soa.routes.js,549,backend/src/app.js,413,true,true,true,global_api_auth_middleware,global_enforce_api_access,global_enforce_tenant_request_scope,false,
,global_enforce_api_access,/api/soa/:tenant_id/intelligence/:tenant_control_id,GET /api/soa/:tenant_id/intelligence/:tenant_control_id,/api/soa/:tenant_id/intelligence/:tenant_control_id,GET,soa.routes,global_enforce_tenant_request_scope,,,,,,,,backend/src/routes/soa.routes.js,568,backend/src/app.js,413,true,true,true,global_api_auth_middleware,global_enforce_api_access,global_enforce_tenant_request_scope,false,
,global_enforce_api_access,/api/soa/:tenant_id/assessments,GET /api/soa/:tenant_id/assessments,/api/soa/:tenant_id/assessments,GET,soa.routes,global_enforce_tenant_request_scope,,,,,,,,backend/src/routes/soa.routes.js,588,backend/src/app.js,413,true,true,true,global_api_auth_middleware,global_enforce_api_access,global_enforce_tenant_request_scope,false,
,global_enforce_api_access,/api/soa/:tenant_id/assessments/run,POST /api/soa/:tenant_id/assessments/run,/api/soa/:tenant_id/assessments/run,POST,soa.routes,global_enforce_tenant_request_scope,,,,,,,,backend/src/routes/soa.routes.js,602,backend/src/app.js,413,true,true,true,global_api_auth_middleware,global_enforce_api_access,global_enforce_tenant_request_scope,false,
,global_enforce_api_access,/api/soa/:tenant_id/assessments/run-batch,POST /api/soa/:tenant_id/assessments/run-batch,/api/soa/:tenant_id/assessments/run-batch,POST,soa.routes,global_enforce_tenant_request_scope,,,,,,,,backend/src/routes/soa.routes.js,625,backend/src/app.js,413,true,true,true,global_api_auth_middleware,global_enforce_api_access,global_enforce_tenant_request_scope,false,
,global_enforce_api_access,/api/soa/:tenant_id/assessments/:assessment_id/apply,POST /api/soa/:tenant_id/assessments/:assessment_id/apply,/api/soa/:tenant_id/assessments/:assessment_id/apply,POST,soa.routes,global_enforce_tenant_request_scope,,,,,,,,backend/src/routes/soa.routes.js,646,backend/src/app.js,413,true,true,true,global_api_auth_middleware,global_enforce_api_access,global_enforce_tenant_request_scope,false,
,global_enforce_api_access,/api/soa/:tenant_id/assessments/:assessment_id/reject,POST /api/soa/:tenant_id/assessments/:assessment_id/reject,/api/soa/:tenant_id/assessments/:assessment_id/reject,POST,soa.routes,global_enforce_tenant_request_scope,,,,,,,,backend/src/routes/soa.routes.js,666,backend/src/app.js,413,true,true,true,global_api_auth_middleware,global_enforce_api_access,global_enforce_tenant_request_scope,false,
,global_enforce_api_access,/api/soa/:tenant_id/change-log,GET /api/soa/:tenant_id/change-log,/api/soa/:tenant_id/change-log,GET,soa.routes,global_enforce_tenant_request_scope,,,,,,,,backend/src/routes/soa.routes.js,682,backend/src/app.js,413,true,true,true,global_api_auth_middleware,global_enforce_api_access,global_enforce_tenant_request_scope,false,
,global_enforce_api_access,/api/soa/:tenant_id,GET /api/soa/:tenant_id,/api/soa/:tenant_id,GET,soa.routes,global_enforce_tenant_request_scope,,,,,,,,backend/src/routes/soa.routes.js,699,backend/src/app.js,413,true,true,true,global_api_auth_middleware,global_enforce_api_access,global_enforce_tenant_request_scope,false,
,global_enforce_api_access,/api/soa/:tenant_control_id,PUT /api/soa/:tenant_control_id,/api/soa/:tenant_control_id,PUT,soa.routes,global_enforce_tenant_request_scope,,,,,,,,backend/src/routes/soa.routes.js,751,backend/src/app.js,413,true,true,true,global_api_auth_middleware,global_enforce_api_access,global_enforce_tenant_request_scope,false,
,,/api/agent/register,POST /api/agent/register,/api/agent/register,POST,sync-agent.routes,route_or_handler_tenant_signal,,,,,,,,backend/src/routes/sync-agent.routes.js,131,backend/src/app.js,377,true,false,true,route_or_handler_auth_signal,,route_or_handler_tenant_signal,false,
,,/api/agent/heartbeat,POST /api/agent/heartbeat,/api/agent/heartbeat,POST,sync-agent.routes,route_or_handler_tenant_signal,,,,,,,,backend/src/routes/sync-agent.routes.js,229,backend/src/app.js,377,true,false,true,route_or_handler_auth_signal,,route_or_handler_tenant_signal,false,
,,/api/agent/config,GET /api/agent/config,/api/agent/config,GET,sync-agent.routes,route_or_handler_tenant_signal,,,,,,,,backend/src/routes/sync-agent.routes.js,237,backend/src/app.js,377,true,false,true,route_or_handler_auth_signal,,route_or_handler_tenant_signal,false,
,,/api/agent/documents/index,POST /api/agent/documents/index,/api/agent/documents/index,POST,sync-agent.routes,route_or_handler_tenant_signal,,,,,,,,backend/src/routes/sync-agent.routes.js,248,backend/src/app.js,377,true,false,true,route_or_handler_auth_signal,,route_or_handler_tenant_signal,false,
,,/api/agent/documents/upload,POST /api/agent/documents/upload,/api/agent/documents/upload,POST,sync-agent.routes,route_or_handler_tenant_signal,,,,,,,,backend/src/routes/sync-agent.routes.js,385,backend/src/app.js,377,true,false,true,route_or_handler_auth_signal,,route_or_handler_tenant_signal,false,
,global_enforce_api_access,/api/files/tenant/:tenantId/*filePath,GET /api/files/tenant/:tenantId/*filePath,/api/files/tenant/:tenantId/*filePath,GET,tenant-files.routes,global_enforce_tenant_request_scope,,,,,,,,backend/src/routes/tenant-files.routes.js,105,backend/src/app.js,420,true,true,true,global_api_auth_middleware,global_enforce_api_access,global_enforce_tenant_request_scope,false,
,global_enforce_api_access,/api/tenant-operations/:id,PUT /api/tenant-operations/:id,/api/tenant-operations/:id,PUT,tenant-operations.routes,global_enforce_tenant_request_scope,,,,,,,,backend/src/routes/tenant-operations.routes.js,20,backend/src/app.js,410,true,true,true,global_api_auth_middleware,global_enforce_api_access,global_enforce_tenant_request_scope,false,
,global_enforce_api_access,/api/tenant-operations/:id/status,PATCH /api/tenant-operations/:id/status,/api/tenant-operations/:id/status,PATCH,tenant-operations.routes,global_enforce_tenant_request_scope,,,,,,,,backend/src/routes/tenant-operations.routes.js,29,backend/src/app.js,410,true,true,true,global_api_auth_middleware,global_enforce_api_access,global_enforce_tenant_request_scope,false,
,global_enforce_api_access,/api/tenant-process-links,GET /api/tenant-process-links,/api/tenant-process-links,GET,tenant-process-links.routes,global_enforce_tenant_request_scope,,,,,,,,backend/src/routes/tenant-process-links.routes.js,24,backend/src/app.js,411,true,true,true,global_api_auth_middleware,global_enforce_api_access,global_enforce_tenant_request_scope,false,
,global_enforce_api_access,/api/tenant-process-links/by-process/:processId,GET /api/tenant-process-links/by-process/:processId,/api/tenant-process-links/by-process/:processId,GET,tenant-process-links.routes,global_enforce_tenant_request_scope,,,,,,,,backend/src/routes/tenant-process-links.routes.js,33,backend/src/app.js,411,true,true,true,global_api_auth_middleware,global_enforce_api_access,global_enforce_tenant_request_scope,false,
,global_enforce_api_access,/api/tenant-process-links/by-operation/:operationId,GET /api/tenant-process-links/by-operation/:operationId,/api/tenant-process-links/by-operation/:operationId,GET,tenant-process-links.routes,global_enforce_tenant_request_scope,,,,,,,,backend/src/routes/tenant-process-links.routes.js,46,backend/src/app.js,411,true,true,true,global_api_auth_middleware,global_enforce_api_access,global_enforce_tenant_request_scope,false,
,global_enforce_api_access,/api/tenant-process-links/candidates/:targetType,GET /api/tenant-process-links/candidates/:targetType,/api/tenant-process-links/candidates/:targetType,GET,tenant-process-links.routes,global_enforce_tenant_request_scope,,,,,,,,backend/src/routes/tenant-process-links.routes.js,59,backend/src/app.js,411,true,true,true,global_api_auth_middleware,global_enforce_api_access,global_enforce_tenant_request_scope,false,
,global_enforce_api_access,/api/tenant-process-links,POST /api/tenant-process-links,/api/tenant-process-links,POST,tenant-process-links.routes,global_enforce_tenant_request_scope,,,,,,,,backend/src/routes/tenant-process-links.routes.js,72,backend/src/app.js,411,true,true,true,global_api_auth_middleware,global_enforce_api_access,global_enforce_tenant_request_scope,false,
,global_enforce_api_access,/api/tenant-process-links/:id/deactivate,PATCH /api/tenant-process-links/:id/deactivate,/api/tenant-process-links/:id/deactivate,PATCH,tenant-process-links.routes,global_enforce_tenant_request_scope,,,,,,,,backend/src/routes/tenant-process-links.routes.js,81,backend/src/app.js,411,true,true,true,global_api_auth_middleware,global_enforce_api_access,global_enforce_tenant_request_scope,false,
,global_enforce_api_access,/api/tenant-process-links/:id/reactivate,PATCH /api/tenant-process-links/:id/reactivate,/api/tenant-process-links/:id/reactivate,PATCH,tenant-process-links.routes,global_enforce_tenant_request_scope,,,,,,,,backend/src/routes/tenant-process-links.routes.js,90,backend/src/app.js,411,true,true,true,global_api_auth_middleware,global_enforce_api_access,global_enforce_tenant_request_scope,false,
,global_enforce_api_access,/api/tenant-processes,GET /api/tenant-processes,/api/tenant-processes,GET,tenant-processes.routes,global_enforce_tenant_request_scope,,,,,,,,backend/src/routes/tenant-processes.routes.js,25,backend/src/app.js,409,true,true,true,global_api_auth_middleware,global_enforce_api_access,global_enforce_tenant_request_scope,false,
,global_enforce_api_access,/api/tenant-processes,POST /api/tenant-processes,/api/tenant-processes,POST,tenant-processes.routes,global_enforce_tenant_request_scope,,,,,,,,backend/src/routes/tenant-processes.routes.js,34,backend/src/app.js,409,true,true,true,global_api_auth_middleware,global_enforce_api_access,global_enforce_tenant_request_scope,false,
,global_enforce_api_access,/api/tenant-processes/:id,GET /api/tenant-processes/:id,/api/tenant-processes/:id,GET,tenant-processes.routes,global_enforce_tenant_request_scope,,,,,,,,backend/src/routes/tenant-processes.routes.js,43,backend/src/app.js,409,true,true,true,global_api_auth_middleware,global_enforce_api_access,global_enforce_tenant_request_scope,false,
,global_enforce_api_access,/api/tenant-processes/:id,PUT /api/tenant-processes/:id,/api/tenant-processes/:id,PUT,tenant-processes.routes,global_enforce_tenant_request_scope,,,,,,,,backend/src/routes/tenant-processes.routes.js,52,backend/src/app.js,409,true,true,true,global_api_auth_middleware,global_enforce_api_access,global_enforce_tenant_request_scope,false,
,global_enforce_api_access,/api/tenant-processes/:id/status,PATCH /api/tenant-processes/:id/status,/api/tenant-processes/:id/status,PATCH,tenant-processes.routes,global_enforce_tenant_request_scope,,,,,,,,backend/src/routes/tenant-processes.routes.js,61,backend/src/app.js,409,true,true,true,global_api_auth_middleware,global_enforce_api_access,global_enforce_tenant_request_scope,false,
,global_enforce_api_access,/api/tenant-processes/:id/operations,GET /api/tenant-processes/:id/operations,/api/tenant-processes/:id/operations,GET,tenant-processes.routes,global_enforce_tenant_request_scope,,,,,,,,backend/src/routes/tenant-processes.routes.js,74,backend/src/app.js,409,true,true,true,global_api_auth_middleware,global_enforce_api_access,global_enforce_tenant_request_scope,false,
,global_enforce_api_access,/api/tenant-processes/:id/operations,POST /api/tenant-processes/:id/operations,/api/tenant-processes/:id/operations,POST,tenant-processes.routes,global_enforce_tenant_request_scope,,,,,,,,backend/src/routes/tenant-processes.routes.js,87,backend/src/app.js,409,true,true,true,global_api_auth_middleware,global_enforce_api_access,global_enforce_tenant_request_scope,false,
,global_enforce_api_access,/api/tenant-standards/operations/:tenant_id,GET /api/tenant-standards/operations/:tenant_id,/api/tenant-standards/operations/:tenant_id,GET,tenant-standards.routes,global_enforce_tenant_request_scope,,,,,,,,backend/src/routes/tenant-standards.routes.js,281,backend/src/app.js,412,true,true,true,global_api_auth_middleware,global_enforce_api_access,global_enforce_tenant_request_scope,false,
,global_enforce_api_access,/api/tenant-standards/operations,POST /api/tenant-standards/operations,/api/tenant-standards/operations,POST,tenant-standards.routes,global_enforce_tenant_request_scope,,,,,,,,backend/src/routes/tenant-standards.routes.js,355,backend/src/app.js,412,true,true,true,global_api_auth_middleware,global_enforce_api_access,global_enforce_tenant_request_scope,false,
,global_enforce_api_access,/api/tenant-standards/operations/:operation_id,PUT /api/tenant-standards/operations/:operation_id,/api/tenant-standards/operations/:operation_id,PUT,tenant-standards.routes,global_enforce_tenant_request_scope,,,,,,,,backend/src/routes/tenant-standards.routes.js,443,backend/src/app.js,412,true,true,true,global_api_auth_middleware,global_enforce_api_access,global_enforce_tenant_request_scope,false,
,global_enforce_api_access,/api/tenant-standards/operations/:operation_id/deactivate,PUT /api/tenant-standards/operations/:operation_id/deactivate,/api/tenant-standards/operations/:operation_id/deactivate,PUT,tenant-standards.routes,global_enforce_tenant_request_scope,,,,,,,,backend/src/routes/tenant-standards.routes.js,567,backend/src/app.js,412,true,true,true,global_api_auth_middleware,global_enforce_api_access,global_enforce_tenant_request_scope,false,
,global_enforce_api_access,/api/tenant-standards/scope/:tenant_id,GET /api/tenant-standards/scope/:tenant_id,/api/tenant-standards/scope/:tenant_id,GET,tenant-standards.routes,global_enforce_tenant_request_scope,,,,,,,,backend/src/routes/tenant-standards.routes.js,657,backend/src/app.js,412,true,true,true,global_api_auth_middleware,global_enforce_api_access,global_enforce_tenant_request_scope,false,
,global_enforce_api_access,/api/tenant-standards/scope/:tenant_id/:standard_code,PUT /api/tenant-standards/scope/:tenant_id/:standard_code,/api/tenant-standards/scope/:tenant_id/:standard_code,PUT,tenant-standards.routes,global_enforce_tenant_request_scope,,,,,,,,backend/src/routes/tenant-standards.routes.js,697,backend/src/app.js,412,true,true,true,global_api_auth_middleware,global_enforce_api_access,global_enforce_tenant_request_scope,false,
,global_enforce_api_access,/api/tenant-standards/:tenant_id,GET /api/tenant-standards/:tenant_id,/api/tenant-standards/:tenant_id,GET,tenant-standards.routes,global_enforce_tenant_request_scope,,,,,,,,backend/src/routes/tenant-standards.routes.js,844,backend/src/app.js,412,true,true,true,global_api_auth_middleware,global_enforce_api_access,global_enforce_tenant_request_scope,false,
,global_enforce_api_access,/api/tenant-standards/initialize,POST /api/tenant-standards/initialize,/api/tenant-standards/initialize,POST,tenant-standards.routes,global_enforce_tenant_request_scope,,,,,,,,backend/src/routes/tenant-standards.routes.js,934,backend/src/app.js,412,true,true,true,global_api_auth_middleware,global_enforce_api_access,global_enforce_tenant_request_scope,false,
,global_enforce_api_access,/api/tenant-standards/deactivate,PUT /api/tenant-standards/deactivate,/api/tenant-standards/deactivate,PUT,tenant-standards.routes,global_enforce_tenant_request_scope,,,,,,,,backend/src/routes/tenant-standards.routes.js,1023,backend/src/app.js,412,true,true,true,global_api_auth_middleware,global_enforce_api_access,global_enforce_tenant_request_scope,false,
,global_enforce_api_access,/api/tenants,GET /api/tenants,/api/tenants,GET,tenants.routes,global_enforce_tenant_request_scope,,,,,,,,backend/src/routes/tenants.routes.js,94,backend/src/app.js,407,true,true,true,global_api_auth_middleware,global_enforce_api_access,global_enforce_tenant_request_scope,false,
,global_enforce_api_access,/api/tenants/:id,GET /api/tenants/:id,/api/tenants/:id,GET,tenants.routes,global_enforce_tenant_request_scope,,,,,,,,backend/src/routes/tenants.routes.js,123,backend/src/app.js,407,true,true,true,global_api_auth_middleware,global_enforce_api_access,global_enforce_tenant_request_scope,false,
,global_enforce_api_access,/api/tenants,POST /api/tenants,/api/tenants,POST,tenants.routes,global_enforce_tenant_request_scope,,,,,,,,backend/src/routes/tenants.routes.js,146,backend/src/app.js,407,true,true,true,global_api_auth_middleware,global_enforce_api_access,global_enforce_tenant_request_scope,false,
,global_enforce_api_access,/api/user/me,GET /api/user/me,/api/user/me,GET,user.routes,global_enforce_tenant_request_scope,,,,,,,,backend/src/routes/user.routes.js,50,backend/src/app.js,385,true,true,true,global_api_auth_middleware,global_enforce_api_access,global_enforce_tenant_request_scope,false,
,global_enforce_api_access,/api/user/me,PUT /api/user/me,/api/user/me,PUT,user.routes,global_enforce_tenant_request_scope,,,,,,,,backend/src/routes/user.routes.js,86,backend/src/app.js,385,true,true,true,global_api_auth_middleware,global_enforce_api_access,global_enforce_tenant_request_scope,false,
,global_enforce_api_access,/api/user/me/password,PUT /api/user/me/password,/api/user/me/password,PUT,user.routes,global_enforce_tenant_request_scope,,,,,,,,backend/src/routes/user.routes.js,129,backend/src/app.js,385,true,true,true,global_api_auth_middleware,global_enforce_api_access,global_enforce_tenant_request_scope,false,
,global_enforce_api_access,/api/user/me/avatar,POST /api/user/me/avatar,/api/user/me/avatar,POST,user.routes,global_enforce_tenant_request_scope,,,,,,,,backend/src/routes/user.routes.js,183,backend/src/app.js,385,true,true,true,global_api_auth_middleware,global_enforce_api_access,global_enforce_tenant_request_scope,false,
,global_enforce_api_access,/api/user/:id,GET /api/user/:id,/api/user/:id,GET,user.routes,global_enforce_tenant_request_scope,,,,,,,,backend/src/routes/user.routes.js,219,backend/src/app.js,385,true,true,true,global_api_auth_middleware,global_enforce_api_access,global_enforce_tenant_request_scope,false,
,global_enforce_api_access,/api/users,GET /api/users,/api/users,GET,users.routes,global_enforce_tenant_request_scope,,,,audit-signal,,,,backend/src/routes/users.routes.js,113,backend/src/app.js,406,true,true,true,global_api_auth_middleware,global_enforce_api_access,global_enforce_tenant_request_scope,false,
,global_enforce_api_access,/api/users,POST /api/users,/api/users,POST,users.routes,global_enforce_tenant_request_scope,,,,,,,,backend/src/routes/users.routes.js,184,backend/src/app.js,406,true,true,true,global_api_auth_middleware,global_enforce_api_access,global_enforce_tenant_request_scope,false,
,global_enforce_api_access,/api/users/:id,PUT /api/users/:id,/api/users/:id,PUT,users.routes,global_enforce_tenant_request_scope,,,,,,,,backend/src/routes/users.routes.js,248,backend/src/app.js,406,true,true,true,global_api_auth_middleware,global_enforce_api_access,global_enforce_tenant_request_scope,false,
